date,home_team,home_score,away_team,away_score,attendance,game_id_url,game_id,playoff_game,home_team_rank,away_team_rank
08/29/2024,Carson-Newman Eagles,50,Reinhardt,7,"4,291",/contests/5365145/box_score,5365145,0,NA,NA
08/29/2024,N.M. Highlands,37,Eastern N.M. Greyhounds,63,"2,045",/contests/5365147/box_score,5365147,0,NA,NA
08/29/2024,Northwest Mo. St.,22,Minnesota St. Mavericks,36,"4,441",/contests/5365148/box_score,5365148,0,NA,NA
08/29/2024,Wayne St. (NE),49,Missouri S&T Miners,17,"1,700",/contests/5365149/box_score,5365149,0,NA,NA
08/29/2024,Northeastern St.,31,Missouri Western Griffons,33,"3,983",/contests/5365150/box_score,5365150,0,NA,NA
08/29/2024,Bemidji St. Beavers,19,Michigan Tech,13,"1,850",/contests/5365151/box_score,5365151,0,NA,NA
08/29/2024,Morehead St.,17,Central St.  Marauders,10,"6,155",/contests/5365152/box_score,5365152,0,NA,NA
08/29/2024,Northern Mich.,7,Minn. Duluth Bulldogs,35,"2,142",/contests/5365153/box_score,5365153,0,NA,NA
08/29/2024,Chadron St. Eagles,6,Neb.-Kearney,18,"1,759",/contests/5365154/box_score,5365154,0,NA,NA
08/29/2024,Sul Ross St. Lobos  *NCAA Division II Reclassifying Member,21,West Tex. A&M,42,143,/contests/5365155/box_score,5365155,0,NA,NA
08/29/2024,St. Thomas (MN),13,Sioux Falls Cougars,34,"3,265",/contests/5365156/box_score,5365156,0,NA,NA
08/29/2024,Minot St. Beavers,38,Valley City St.,7,"4,046",/contests/5365157/box_score,5365157,0,NA,NA
08/29/2024,South Dakota Mines,6,CSU Pueblo ThunderWolves,35,"2,761",/contests/5365158/box_score,5365158,0,NA,NA
08/29/2024,Mars Hill,16,Delta St. Statesmen,47,"2,750",/contests/5365160/box_score,5365160,0,NA,NA
08/30/2024,Fort Hays St.,21,Angelo St. Rams,7,"3,610",/contests/5365161/box_score,5365161,0,NA,NA
08/29/2024,South Dakota,45,Northern St. Wolves,3,"7,435",/contests/5365162/box_score,5365162,0,NA,NA
08/29/2024,Millersville,7,Clarion Golden Eagles,36,"2,636",/contests/5365165/box_score,5365165,0,NA,NA
08/29/2024,Edinboro,12,East Stroudsburg Warriors,24,"2,468",/contests/5365167/box_score,5365167,0,NA,NA
08/29/2024,Midwestern St. Mustangs,18,Mo. Southern St.,11,"2,722",/contests/5365168/box_score,5365168,0,NA,NA
08/29/2024,Tex. A&M-Kingsville,13,Colorado Mesa Mavericks,16,"6,301",/contests/5365169/box_score,5365169,0,NA,NA
08/29/2024,Mary Marauders,23,Jamestown,6,"2,691",/contests/5365170/box_score,5365170,0,NA,NA
08/29/2024,Emporia St. Hornets,30,Washburn,14,"5,622",/contests/5365171/box_score,5365171,0,NA,NA
08/29/2024,Wheeling Cardinals,25,Mercyhurst,28,500,/contests/5365174/box_score,5365174,0,NA,NA
08/29/2024,Fairmont St. Falcons,56,Seton Hill,24,"1,328",/contests/5365175/box_score,5365175,0,NA,NA
08/29/2024,West Liberty,21,Walsh Cavaliers,42,"2,456",/contests/5365176/box_score,5365176,0,NA,NA
08/31/2024,Emory & Henry Wasps,38,Glenville St.,7,"4,821",/contests/5365181/box_score,5365181,0,NA,NA
08/31/2024,Butler,40,Upper Iowa Peacocks,7,"3,109",/contests/5365182/box_score,5365182,0,NA,NA
08/31/2024,Post Eagles,41,West Va. Wesleyan,24,500,/contests/5365184/box_score,5365184,0,NA,NA
08/31/2024,Shaw,17,Elizabeth City St. Vikings,13,"1,424",/contests/5365185/box_score,5365185,0,NA,NA
08/31/2024,Fort Valley St.,42,Clark Atlanta Panthers,45,"6,512",/contests/5365186/box_score,5365186,0,NA,NA
08/31/2024,Fort Lewis Skyhawks,20,William Jewell,35,"2,008",/contests/5365187/box_score,5365187,0,NA,NA
08/31/2024,Kentucky St. Thorobreds,7,Virginia Union,69,"1,012",/contests/5365188/box_score,5365188,0,NA,NA
08/31/2024,Morehouse,11,Edward Waters Tigers,28,"2,470",/contests/5365189/box_score,5365189,0,NA,NA
08/31/2024,Erskine The Flying Fleet,52,St. Andrews,0,429,/contests/5365191/box_score,5365191,0,NA,NA
08/31/2024,Tex. Permian Basin Falcons,41,Western N.M.,3,"9,000",/contests/5365195/box_score,5365195,0,NA,NA
08/31/2024,Livingstone,7,Charleston  Golden Eagles,38,"1,470",/contests/5365199/box_score,5365199,0,NA,NA
08/31/2024,Bluefield St. Big Blue,3,Winston-Salem,34,"1,228",/contests/5365200/box_score,5365200,0,NA,NA
08/31/2024,UNC Pembroke Braves,12,Wingate,17,"5,183",/contests/5365205/box_score,5365205,0,NA,NA
08/31/2024,West Ala.,16,Miles Golden Bears,15,"1,976",/contests/5365206/box_score,5365206,0,NA,NA
08/31/2024,Valdosta St.,42,Albany St.  Golden Rams,10,"5,782",/contests/5365207/box_score,5365207,0,NA,NA
08/31/2024,Pittsburg St.,19,Ferris St. Bulldogs,3,"10,189",/contests/5365208/box_score,5365208,0,NA,NA
09/01/2024,Virginia St.,23,Benedict Tigers,7,"3,747",/contests/5365215/box_score,5365215,0,NA,NA
09/01/2024,Tuskegee,13,Johnson C. Smith Golden Bulls,21,"15,438",/contests/5365216/box_score,5365216,0,NA,NA
09/04/2024,Shorter,29,Mississippi Col. Choctaws,5,"1,378",/contests/5365217/box_score,5365217,0,NA,NA
09/05/2024,MSU Moorhead Dragons,17,Wayne St. (NE),44,"1,500",/contests/5365219/box_score,5365219,0,NA,NA
09/05/2024,Southern Conn. St.,0,Shepherd Rams,23,"1,324",/contests/5365221/box_score,5365221,0,NA,NA
09/05/2024,Colo. Sch. of Mines Orediggers,41,West Tex. A&M,13,"4,224",/contests/5365222/box_score,5365222,0,NA,NA
09/05/2024,Barton Bulldogs,24,West Virginia St.,27,"2,925",/contests/5365223/box_score,5365223,0,NA,NA
09/05/2024,Bloomsburg Huskies,35,Fairmont St.,7,"1,826",/contests/5365224/box_score,5365224,0,NA,NA
09/05/2024,Ky. Wesleyan Panthers,33,Northern Mich.,13,510,/contests/5365225/box_score,5365225,0,NA,NA
09/05/2024,Clarion Golden Eagles,20,Lincoln (PA),9,"1,997",/contests/5365226/box_score,5365226,0,NA,NA
09/05/2024,Tiffin Dragons,31,Wayne St. (MI),17,"2,950",/contests/5365227/box_score,5365227,0,NA,NA
09/05/2024,Michigan Tech Huskies,52,South Dakota Mines,50,"1,317",/contests/5365228/box_score,5365228,0,NA,NA
09/05/2024,Chadron St. Eagles,17,Jamestown,10,"1,259",/contests/5365229/box_score,5365229,0,NA,NA
09/05/2024,Mary,13,Augustana  Vikings,35,"2,738",/contests/5365230/box_score,5365230,0,NA,NA
09/05/2024,Southeastern Okla. Savage Storm,31,Southern Ark.,36,"2,164",/contests/5365231/box_score,5365231,0,NA,NA
09/05/2024,Ark.-Monticello Boll Weevils,34,Northwestern Okla.,7,0,/contests/5365232/box_score,5365232,0,NA,NA
09/05/2024,East Central Tigers,17,Henderson St.,41,"2,683",/contests/5365233/box_score,5365233,0,NA,NA
09/05/2024,West Florida,38,McKendree Bearcats,6,"4,305",/contests/5365234/box_score,5365234,0,NA,NA
09/05/2024,Grand Valley St.,58,Central St.  Marauders,0,"13,678",/contests/5365238/box_score,5365238,0,NA,NA
09/05/2024,North Greenville Crusaders,20,Keiser,23,"2,142",/contests/5365239/box_score,5365239,0,NA,NA
09/05/2024,Gannon Golden Knights,14,Northwood,28,"1,237",/contests/5365241/box_score,5365241,0,NA,NA
09/05/2024,Ashland Eagles,10,Indiana (PA),19,"2,197",/contests/5365242/box_score,5365242,0,NA,NA
09/05/2024,Pace,6,East Stroudsburg Warriors,41,0,/contests/5365243/box_score,5365243,0,NA,NA
09/05/2024,Winona St.,14,Saginaw Valley Cardinals,38,"3,061",/contests/5365244/box_score,5365244,0,NA,NA
09/05/2024,Seton Hill,14,Ohio Dominican Panthers,21,550,/contests/5365245/box_score,5365245,0,NA,NA
09/05/2024,Frostburg St. Bobcats,23,Millersville,6,"1,350",/contests/5365246/box_score,5365246,0,NA,NA
09/05/2024,Ouachita Baptist Tigers,42,Southwestern Okla.,3,"3,582",/contests/5365247/box_score,5365247,0,NA,NA
09/05/2024,Harding Bisons,59,Southern Nazarene,0,"3,500",/contests/5365248/box_score,5365248,0,NA,NA
09/05/2024,Arkansas Tech Wonder Boys,44,Okla. Baptist,41,"3,444",/contests/5365249/box_score,5365249,0,NA,NA
09/05/2024,West Liberty,13,Limestone Saints,48,"1,784",/contests/5365250/box_score,5365250,0,NA,NA
09/05/2024,Kutztown,24,Assumption Greyhounds,6,"4,756",/contests/5365251/box_score,5365251,0,NA,NA
09/07/2024,Charleston (WV),23,California  Vulcans,19,256,/contests/5365273/box_score,5365273,0,NA,NA
09/07/2024,Thomas More,17,Davenport Panthers,24,"1,457",/contests/5365283/box_score,5365283,0,NA,NA
09/07/2024,American Int'l Yellow Jackets,28,Shippensburg,3,"1,286",/contests/5365285/box_score,5365285,0,NA,NA
09/07/2024,West Chester,17,Bentley Falcons,20,"2,535",/contests/5365286/box_score,5365286,0,NA,NA
09/07/2024,Black Hills St. Yellow Jackets,24,Southwest Baptist,14,"2,751",/contests/5365287/box_score,5365287,0,NA,NA
09/07/2024,Truman St.,21,Findlay Oilers,37,"3,300",/contests/5365291/box_score,5365291,0,NA,NA
09/07/2024,Fla. Memorial,31,Edward Waters Tigers,21,"2,509",/contests/5365301/box_score,5365301,0,NA,NA
09/07/2024,Elizabeth City St.,12,Chowan Hawks,9,"1,200",/contests/5365302/box_score,5365302,0,NA,NA
09/07/2024,Lenoir-Rhyne,32,Bowie St. Bulldogs,19,"5,153",/contests/5365313/box_score,5365313,0,NA,NA
09/07/2024,Anderson  Trojans,51,St. Andrews,14,"6,356",/contests/5365323/box_score,5365323,0,NA,NA
09/07/2024,Central Mo. Mules,63,Northeastern St.,21,"7,567",/contests/5365326/box_score,5365326,0,NA,NA
09/07/2024,Concord,13,Bluefield St. Big Blue,22,"1,370",/contests/5365334/box_score,5365334,0,NA,NA
09/07/2024,Slippery Rock,22,New Haven Chargers,7,"6,837",/contests/5365339/box_score,5365339,0,NA,NA
09/07/2024,Sacred Heart,10,St. Anselm Hawks,3,"2,934",/contests/5365343/box_score,5365343,0,NA,NA
09/07/2024,Quincy,46,Lincoln  Blue Tigers,5,"2,479",/contests/5365345/box_score,5365345,0,NA,NA
09/07/2024,Emporia St.,17,Angelo St. Rams,12,"4,817",/contests/5365346/box_score,5365346,0,NA,NA
09/07/2024,San Diego,26,Central Wash. Wildcats,7,"1,867",/contests/5365347/box_score,5365347,0,NA,NA
09/07/2024,Morehouse,13,Johnson C. Smith Golden Bulls,37,"2,725",/contests/5365350/box_score,5365350,0,NA,NA
09/07/2024,Glenville St. Pioneers,9,Lock Haven,31,"1,250",/contests/5365357/box_score,5365357,0,NA,NA
09/07/2024,Clark Atlanta,26,Allen,22,"2,083",/contests/5365363/box_score,5365363,0,NA,NA
09/07/2024,Bryant,21,Franklin Pierce Ravens,17,0,/contests/5365373/box_score,5365373,0,NA,NA
09/07/2024,Idaho St.,50,Western Ore. Wolves,10,"6,252",/contests/5365374/box_score,5365374,0,NA,NA
09/07/2024,Norfolk St.,28,Virginia St. Trojans,23,"17,827",/contests/5365375/box_score,5365375,0,NA,NA
09/07/2024,Southwest Minn. St.,9,Minot St. Beavers,42,"2,277",/contests/5365378/box_score,5365378,0,NA,NA
09/07/2024,Alabama St.,24,Miles Golden Bears,3,"20,276",/contests/5365379/box_score,5365379,0,NA,NA
09/07/2024,West Ala.,45,Tusculum Pioneers,9,"1,968",/contests/5365381/box_score,5365381,0,NA,NA
09/07/2024,ETSU,61,UVA Wise Highland Cavaliers,0,"9,155",/contests/5365382/box_score,5365382,0,NA,NA
09/07/2024,Eastern N.M. Greyhounds,36,Sul Ross St.,17,"4,227",/contests/5365383/box_score,5365383,0,NA,NA
09/07/2024,Hillsdale Chargers,16,UIndy,42,"2,774",/contests/5365386/box_score,5365386,0,NA,NA
09/07/2024,Delta St. Statesmen,55,Missouri S&T,18,"2,011",/contests/5365389/box_score,5365389,0,NA,NA
09/07/2024,Southern U.,42,Savannah St. Tigers,10,"15,267",/contests/5365391/box_score,5365391,0,NA,NA
09/07/2024,Minnesota St.,31,Bemidji St. Beavers,29,"6,874",/contests/5365396/box_score,5365396,0,NA,NA
09/07/2024,Adams St. Grizzlies,36,Western N.M.,46,850,/contests/5365398/box_score,5365398,0,NA,NA
09/07/2024,Alabama A&M,49,Kentucky St. Thorobreds,7,"10,917",/contests/5365401/box_score,5365401,0,NA,NA
09/07/2024,Hampton,33,Virginia Union Panthers,21,"6,308",/contests/5365402/box_score,5365402,0,NA,NA
09/07/2024,Jackson St.,58,Lane Dragons,7,"26,700",/contests/5365404/box_score,5365404,0,NA,NA
09/07/2024,Livingstone Blue Bears,37,Virginia-Lynchburg,9,100,/contests/5365407/box_score,5365407,0,NA,NA
09/07/2024,Ferris St. Bulldogs,56,Lake Erie,3,"6,317",/contests/5365408/box_score,5365408,0,NA,NA
09/07/2024,CSU Pueblo ThunderWolves,40,Tex. Permian Basin,23,"6,447",/contests/5365409/box_score,5365409,0,NA,NA
09/07/2024,Western Colo.,38,Midwestern St. Mustangs,33,"2,603",/contests/5365410/box_score,5365410,0,NA,NA
09/07/2024,Northern St. Wolves,10,Sioux Falls,34,"5,211",/contests/5365411/box_score,5365411,0,NA,NA
09/07/2024,Fayetteville St. Broncos,35,UNC Pembroke,31,"2,503",/contests/5365412/box_score,5365412,0,NA,NA
09/07/2024,Robert Morris,21,Edinboro Fighting Scots,23,"3,581",/contests/5365416/box_score,5365416,0,NA,NA
09/07/2024,Upper Iowa,33,Concordia-St. Paul Golden Bears,7,"1,888",/contests/5365417/box_score,5365417,0,NA,NA
09/07/2024,Albany St.  Golden Rams,40,Shaw,43,"5,476",/contests/5365424/box_score,5365424,0,NA,NA
09/07/2024,Grambling,37,Tuskegee Golden Tigers,20,"9,247",/contests/5365429/box_score,5365429,0,NA,NA
09/07/2024,Fort Hays St. Tigers,30,Missouri Western,16,"6,572",/contests/5365431/box_score,5365431,0,NA,NA
09/07/2024,Walsh Cavaliers,10,Wheeling,14,"2,746",/contests/5365434/box_score,5365434,0,NA,NA
09/07/2024,Newberry Wolves,14,Valdosta St.,27,"2,520",/contests/5365435/box_score,5365435,0,NA,NA
09/07/2024,Mo. Southern St. Lions,17,Pittsburg St.,42,"5,392",/contests/5365439/box_score,5365439,0,NA,NA
09/07/2024,Central Okla. Bronchos,72,Langston,0,"9,374",/contests/5365440/box_score,5365440,0,NA,NA
09/07/2024,Davidson,49,Catawba Catawba Indians,14,"4,477",/contests/5365441/box_score,5365441,0,NA,NA
09/07/2024,N.C. A&T,27,Winston-Salem Rams,20,"21,500",/contests/5365444/box_score,5365444,0,NA,NA
09/07/2024,"Neb.-Kearney Antelopes, Lopers",21,Northwest Mo. St.,14,"3,210",/contests/5365449/box_score,5365449,0,NA,NA
09/07/2024,Erskine The Flying Fleet,14,Presbyterian,31,978,/contests/5365450/box_score,5365450,0,NA,NA
09/12/2024,Northwestern Okla. Rangers,2,Ouachita Baptist,56,"1,834",/contests/5365451/box_score,5365451,0,NA,NA
09/13/2024,West Virginia St.,25,Carson-Newman Eagles,56,"2,918",/contests/5365452/box_score,5365452,0,NA,NA
09/13/2024,Southern Conn. St.,35,American Int'l Yellow Jackets,21,655,/contests/5365454/box_score,5365454,0,NA,NA
09/13/2024,Pace,17,New Haven Chargers,47,"1,747",/contests/5365459/box_score,5365459,0,NA,NA
09/14/2024,St. Anselm,0,Bentley Falcons,3,829,/contests/5365462/box_score,5365462,0,NA,NA
09/14/2024,Alcorn,38,Edward Waters Tigers,7,"6,148",/contests/5365464/box_score,5365464,0,NA,NA
09/14/2024,Kutztown,26,Edinboro Fighting Scots,0,"3,526",/contests/5365475/box_score,5365475,0,NA,NA
09/14/2024,The Citadel,54,North Greenville Crusaders,0,"8,867",/contests/5365477/box_score,5365477,0,NA,NA
09/14/2024,Michigan Tech,21,Hillsdale Chargers,6,"1,705",/contests/5365484/box_score,5365484,0,NA,NA
09/14/2024,West Chester,28,California  Vulcans,38,"2,576",/contests/5365485/box_score,5365485,0,NA,NA
09/14/2024,Shepherd Rams,10,Slippery Rock,20,"5,119",/contests/5365486/box_score,5365486,0,NA,NA
09/14/2024,Bowie St. Bulldogs,14,Davenport,17,"1,303",/contests/5365487/box_score,5365487,0,NA,NA
09/14/2024,South Dakota Mines Hardrockers,17,Upper Iowa,10,"2,173",/contests/5365489/box_score,5365489,0,NA,NA
09/14/2024,Wayne St. (MI),30,Findlay Oilers,42,"1,915",/contests/5365492/box_score,5365492,0,NA,NA
09/14/2024,Franklin Pierce,7,Assumption Greyhounds,27,342,/contests/5365494/box_score,5365494,0,NA,NA
09/14/2024,Northwood Timberwolves,10,Saginaw Valley,7,"2,704",/contests/5365504/box_score,5365504,0,NA,NA
09/14/2024,Fla. Memorial,28,Clark Atlanta Panthers,28,"1,428",/contests/5365512/box_score,5365512,0,NA,NA
09/14/2024,Colorado Mesa,12,Central Wash. Wildcats,28,"3,861",/contests/5365519/box_score,5365519,0,NA,NA
09/14/2024,Shippensburg,24,Clarion Golden Eagles,21,"4,128",/contests/5365522/box_score,5365522,0,NA,NA
09/14/2024,Emory & Henry,40,Bluefield St. Big Blue,13,"3,215",/contests/5365526/box_score,5365526,0,NA,NA
09/14/2024,Roosevelt  Lakers,14,Wis.-Whitewater,24,"1,183",/contests/5365532/box_score,5365532,0,NA,NA
09/14/2024,Johnson C. Smith Golden Bulls,52,Lincoln (PA),6,"1,652",/contests/5365533/box_score,5365533,0,NA,NA
09/14/2024,Sul Ross St. Lobos  *NCAA Division II Reclassifying Member,52,Wayland Baptist,51,217,/contests/5365534/box_score,5365534,0,NA,NA
09/14/2024,St. Thomas (MN),24,Black Hills St. Yellow Jackets,14,"2,784",/contests/5365536/box_score,5365536,0,NA,NA
09/14/2024,Sioux Falls,35,Mary Marauders,33,"1,051",/contests/5365537/box_score,5365537,0,NA,NA
09/14/2024,Concordia-St. Paul Golden Bears,14,Winona St.,31,"2,132",/contests/5365538/box_score,5365538,0,NA,NA
09/14/2024,Washburn,28,Colo. Sch. of Mines Orediggers,31,"6,442",/contests/5365539/box_score,5365539,0,NA,NA
09/14/2024,Wis.-La Crosse,35,Northern Mich. Wildcats,21,"3,110",/contests/5365547/box_score,5365547,0,NA,NA
09/14/2024,Fort Valley St. Wildcats,42,Kentucky St.,0,"4,873",/contests/5365549/box_score,5365549,0,NA,NA
09/14/2024,Erskine,0,Elizabeth City St. Vikings,20,415,/contests/5365556/box_score,5365556,0,NA,NA
09/14/2024,West Liberty,23,Frostburg St. Bobcats,57,"1,000",/contests/5365559/box_score,5365559,0,NA,NA
09/14/2024,Southern Nazarene,6,Arkansas Tech Wonder Boys,26,"1,432",/contests/5365569/box_score,5365569,0,NA,NA
09/14/2024,Bloomsburg Huskies,14,Seton Hill,15,"2,814",/contests/5365573/box_score,5365573,0,NA,NA
09/14/2024,Bemidji St. Beavers,33,Southwest Minn. St.,0,"1,672",/contests/5365574/box_score,5365574,0,NA,NA
09/14/2024,Fort Lewis Skyhawks,17,Arizona Christian,12,"1,897",/contests/5365575/box_score,5365575,0,NA,NA
09/14/2024,Minn. Duluth,29,MSU Moorhead Dragons,30,"5,221",/contests/5365577/box_score,5365577,0,NA,NA
09/14/2024,Minot St. Beavers,17,Northern St.,14,"3,514",/contests/5365578/box_score,5365578,0,NA,NA
09/14/2024,Lake Erie Storm,28,Post,27,0,/contests/5365582/box_score,5365582,0,NA,NA
09/14/2024,Concord Mountain Lions,0,UVA Wise,28,"1,647",/contests/5365586/box_score,5365586,0,NA,NA
09/14/2024,Howard,35,Morehouse Maroon Tigers,21,"31,174",/contests/5365587/box_score,5365587,0,NA,NA
09/14/2024,Wingate,21,Delta St. Statesmen,7,"3,117",/contests/5365590/box_score,5365590,0,NA,NA
09/14/2024,Cal Poly,31,Western Ore. Wolves,14,"7,728",/contests/5365595/box_score,5365595,0,NA,NA
09/14/2024,West Ala.,33,Limestone Saints,14,"1,852",/contests/5365597/box_score,5365597,0,NA,NA
09/14/2024,Henderson St. Reddies,34,Southeastern Okla.,17,"5,027",/contests/5365599/box_score,5365599,0,NA,NA
09/14/2024,Lenoir-Rhyne Bears,38,Tiffin,17,"5,475",/contests/5365605/box_score,5365605,0,NA,NA
09/14/2024,Missouri S&T Miners,45,Lincoln (CA),6,"2,567",/contests/5365607/box_score,5365607,0,NA,NA
09/14/2024,Southwest Baptist Bearcats,42,Okla. Panhandle,10,"2,134",/contests/5365613/box_score,5365613,0,NA,NA
09/14/2024,Tex. Permian Basin,67,Adams St. Grizzlies,14,"7,749",/contests/5365614/box_score,5365614,0,NA,NA
09/14/2024,Northwest Mo. St.,32,Fort Hays St. Tigers,20,"3,854",/contests/5365617/box_score,5365617,0,NA,NA
09/14/2024,Wayne St. (NE),28,Minnesota St. Mavericks,35,"2,200",/contests/5365620/box_score,5365620,0,NA,NA
09/14/2024,Lock Haven,17,Indiana  Crimson Hawks,20,"4,428",/contests/5365621/box_score,5365621,0,NA,NA
09/14/2024,Anderson  Trojans,44,LaGrange,14,"4,428",/contests/5365622/box_score,5365622,0,NA,NA
09/14/2024,South Dakota St.,24,Augustana  Vikings,3,"19,376",/contests/5365624/box_score,5365624,0,NA,NA
09/14/2024,Ky. Wesleyan Panthers,16,William Jewell,23,530,/contests/5365627/box_score,5365627,0,NA,NA
09/14/2024,Livingstone,23,Allen,21,"1,310",/contests/5365633/box_score,5365633,0,NA,NA
09/14/2024,Ferris St.,43,Ashland Eagles,3,"5,406",/contests/5365634/box_score,5365634,0,NA,NA
09/14/2024,CSU Pueblo ThunderWolves,21,Grand Valley St.,24,"8,057",/contests/5365636/box_score,5365636,0,NA,NA
09/14/2024,Winston-Salem,19,Ohio Dominican Panthers,13,"1,671",/contests/5365637/box_score,5365637,0,NA,NA
09/14/2024,Shaw,28,Catawba Catawba Indians,37,"1,576",/contests/5365638/box_score,5365638,0,NA,NA
09/14/2024,Western N.M.,36,N.M. Highlands Cowboys,33,"1,284",/contests/5365639/box_score,5365639,0,NA,NA
09/14/2024,Angelo St. Rams,26,Eastern N.M.,20,"3,915",/contests/5365640/box_score,5365640,0,NA,NA
09/14/2024,UIndy,41,Truman St. Bulldogs,34,"3,336",/contests/5365643/box_score,5365643,0,NA,NA
09/14/2024,Missouri Western Griffons,35,Mo. Southern St.,27,"3,169",/contests/5365644/box_score,5365644,0,NA,NA
09/14/2024,Southwestern Okla.,28,Ark.-Monticello Boll Weevils,39,"2,403",/contests/5365650/box_score,5365650,0,NA,NA
09/14/2024,Southern Ark.,28,East Central Tigers,20,"4,123",/contests/5365651/box_score,5365651,0,NA,NA
09/14/2024,Savannah St.,3,Central St.  Marauders,10,0,/contests/5365655/box_score,5365655,0,NA,NA
09/14/2024,Chowan,20,Barton Bulldogs,24,"1,000",/contests/5365660/box_score,5365660,0,NA,NA
09/14/2024,Mississippi Col. Choctaws,7,Tex. A&M-Kingsville,27,"4,234",/contests/5365661/box_score,5365661,0,NA,NA
09/14/2024,East Stroudsburg Warriors,24,Gannon,7,"4,007",/contests/5365663/box_score,5365663,0,NA,NA
09/14/2024,West Va. Wesleyan Bobcats,14,Wheeling,52,300,/contests/5365664/box_score,5365664,0,NA,NA
09/14/2024,Okla. Baptist,7,Harding Bisons,59,"2,706",/contests/5365666/box_score,5365666,0,NA,NA
09/14/2024,Valdosta St.,34,Fayetteville St. Broncos,0,"4,001",/contests/5365667/box_score,5365667,0,NA,NA
09/14/2024,Pittsburg St.,21,Emporia St. Hornets,24,"10,266",/contests/5365670/box_score,5365670,0,NA,NA
09/14/2024,Newberry Wolves,33,Keiser,42,"2,100",/contests/5365673/box_score,5365673,0,NA,NA
09/14/2024,Thomas More Saints,50,Ky. Christian,0,"1,421",/contests/5365674/box_score,5365674,0,NA,NA
09/14/2024,West Tex. A&M Buffaloes,17,Western Colo.,26,"6,219",/contests/5365675/box_score,5365675,0,NA,NA
09/14/2024,Lincoln  Blue Tigers,19,McKendree,34,"1,251",/contests/5365676/box_score,5365676,0,NA,NA
09/14/2024,Central Okla.,57,Central Mo. Mules,40,"5,740",/contests/5365677/box_score,5365677,0,NA,NA
09/14/2024,Benedict Tigers,27,Lane,32,"2,347",/contests/5365682/box_score,5365682,0,NA,NA
09/19/2024,Ark.-Monticello Boll Weevils,3,Harding,63,"2,100",/contests/5365685/box_score,5365685,0,NA,NA
09/19/2024,Fairmont St. Falcons,14,Glenville St.,17,"1,864",/contests/5365686/box_score,5365686,0,NA,NA
09/19/2024,Benedict Tigers,31,Edward Waters,28,"1,875",/contests/5365687/box_score,5365687,0,NA,NA
09/20/2024,Bentley Falcons,34,Southern Conn. St.,24,890,/contests/5365688/box_score,5365688,0,NA,NA
09/21/2024,Walsh,54,Ky. Wesleyan Panthers,10,"2,954",/contests/5365696/box_score,5365696,0,NA,NA
09/21/2024,Ohio Dominican Panthers,0,Thomas More,6,"1,387",/contests/5365697/box_score,5365697,0,NA,NA
09/21/2024,Charleston  Golden Eagles,58,UNC Pembroke,36,487,/contests/5365699/box_score,5365699,0,NA,NA
09/21/2024,Wis.-Oshkosh,7,Michigan Tech Huskies,44,"1,949",/contests/5365705/box_score,5365705,0,NA,NA
09/21/2024,McKendree,22,MSU Moorhead Dragons,15,"1,547",/contests/5365709/box_score,5365709,0,NA,NA
09/21/2024,Duquesne,35,West Va. Wesleyan Bobcats,0,"1,864",/contests/5365711/box_score,5365711,0,NA,NA
09/21/2024,Davenport,31,Central Mo. Mules,32,"1,262",/contests/5365714/box_score,5365714,0,NA,NA
09/21/2024,Findlay Oilers,42,Lake Erie,6,879,/contests/5365715/box_score,5365715,0,NA,NA
09/21/2024,Minnesota St. Mavericks,40,Minot St.,6,"3,521",/contests/5365717/box_score,5365717,0,NA,NA
09/21/2024,Gannon Golden Knights,14,Kutztown,37,322,/contests/5365719/box_score,5365719,0,NA,NA
09/21/2024,American Int'l Yellow Jackets,20,St. Anselm,37,"1,829",/contests/5365720/box_score,5365720,0,NA,NA
09/21/2024,Shepherd,27,Clarion Golden Eagles,9,"4,291",/contests/5365723/box_score,5365723,0,NA,NA
09/21/2024,Edinboro,27,Bloomsburg Huskies,32,"2,357",/contests/5365724/box_score,5365724,0,NA,NA
09/21/2024,Seton Hill Griffins,27,West Chester,24,675,/contests/5365725/box_score,5365725,0,NA,NA
09/21/2024,Chadron St. Eagles,12,Colo. Sch. of Mines,13,"1,131",/contests/5365726/box_score,5365726,0,NA,NA
09/21/2024,Lincoln  Blue Tigers,20,William Jewell,48,888,/contests/5365729/box_score,5365729,0,NA,NA
09/21/2024,Virginia St. Trojans,14,Winston-Salem,15,"1,786",/contests/5365737/box_score,5365737,0,NA,NA
09/21/2024,Carson-Newman Eagles,31,Wingate,28,"3,771",/contests/5365741/box_score,5365741,0,NA,NA
09/21/2024,Mars Hill,21,Lenoir-Rhyne Bears,29,"2,750",/contests/5365742/box_score,5365742,0,NA,NA
09/21/2024,Hillsdale,21,Ashland Eagles,24,"1,446",/contests/5365754/box_score,5365754,0,NA,NA
09/21/2024,Southwest Baptist Bearcats,7,Upper Iowa,21,780,/contests/5365759/box_score,5365759,0,NA,NA
09/21/2024,Lock Haven,20,California  Vulcans,27,"1,487",/contests/5365766/box_score,5365766,0,NA,NA
09/21/2024,Anderson  Trojans,5,Limestone,52,"3,119",/contests/5365767/box_score,5365767,0,NA,NA
09/21/2024,Shippensburg Raiders,7,Slippery Rock,33,"5,761",/contests/5365770/box_score,5365770,0,NA,NA
09/21/2024,Tusculum,20,Newberry Wolves,50,"1,575",/contests/5365779/box_score,5365779,0,NA,NA
09/21/2024,Emory & Henry,41,Barton Bulldogs,0,"3,418",/contests/5365780/box_score,5365780,0,NA,NA
09/21/2024,Winona St.,21,Wayne St.  Wildcats,28,"2,757",/contests/5365788/box_score,5365788,0,NA,NA
09/21/2024,Northern Mich. Wildcats,27,Alma,44,"3,409",/contests/5365791/box_score,5365791,0,NA,NA
09/21/2024,Augustana  Vikings,41,Northern St.,7,"3,395",/contests/5365792/box_score,5365792,0,NA,NA
09/21/2024,New Haven,45,Franklin Pierce Ravens,34,"4,383",/contests/5365793/box_score,5365793,0,NA,NA
09/21/2024,Post,21,Pace Setters,23,500,/contests/5365794/box_score,5365794,0,NA,NA
09/21/2024,Shaw,48,Lincoln  Lions,14,0,/contests/5365795/box_score,5365795,0,NA,NA
09/21/2024,Sul Ross St. Lobos  *NCAA Division II Reclassifying Member,17,Western Ore.,39,120,/contests/5365796/box_score,5365796,0,NA,NA
09/21/2024,Valparaiso,31,Roosevelt  Lakers,23,"1,378",/contests/5365797/box_score,5365797,0,NA,NA
09/21/2024,Sioux Falls,24,Bemidji St. Beavers,28,"1,286",/contests/5365798/box_score,5365798,0,NA,NA
09/21/2024,Southwest Minn. St.,17,Concordia-St. Paul Golden Bears,27,"1,885",/contests/5365799/box_score,5365799,0,NA,NA
09/21/2024,Emporia St. Hornets,30,Missouri Western,27,"4,122",/contests/5365800/box_score,5365800,0,NA,NA
09/21/2024,Washburn,31,Pittsburg St. Gorillas,39,"6,233",/contests/5365801/box_score,5365801,0,NA,NA
09/21/2024,Frostburg St.,54,Concord Mountain Lions,21,"1,271",/contests/5365802/box_score,5365802,0,NA,NA
09/21/2024,Tuskegee,16,Savannah St. Tigers,20,"4,125",/contests/5365809/box_score,5365809,0,NA,NA
09/21/2024,South Dakota Mines,40,N.M. Highlands Cowboys,19,"3,127",/contests/5365824/box_score,5365824,0,NA,NA
09/21/2024,Morehouse,31,Kentucky St. Thorobreds,28,"25,823",/contests/5365826/box_score,5365826,0,NA,NA
09/21/2024,Central St. (OH),7,Albany St.  Golden Rams,28,"4,562",/contests/5365827/box_score,5365827,0,NA,NA
09/21/2024,UVA Wise,31,Catawba Catawba Indians,28,"2,133",/contests/5365836/box_score,5365836,0,NA,NA
09/21/2024,Saginaw Valley Cardinals,37,Truman St.,14,"3,323",/contests/5365842/box_score,5365842,0,NA,NA
09/21/2024,Millersville,14,Indiana  Crimson Hawks,42,"3,309",/contests/5365843/box_score,5365843,0,NA,NA
09/21/2024,CSU Pueblo ThunderWolves,38,Colorado Mesa,14,"6,528",/contests/5365845/box_score,5365845,0,NA,NA
09/21/2024,Black Hills St. Yellow Jackets,33,Fort Lewis,7,"3,741",/contests/5365846/box_score,5365846,0,NA,NA
09/21/2024,Mary Marauders,7,Minn. Duluth,43,"1,921",/contests/5365847/box_score,5365847,0,NA,NA
09/21/2024,Mo. Southern St. Lions,0,Northwest Mo. St.,59,"1,906",/contests/5365848/box_score,5365848,0,NA,NA
09/21/2024,Fayetteville St.,31,Elizabeth City St. Vikings,7,"4,876",/contests/5365849/box_score,5365849,0,NA,NA
09/21/2024,Bethune-Cookman,37,Clark Atlanta Panthers,38,"8,129",/contests/5365850/box_score,5365850,0,NA,NA
09/21/2024,Southern Nazarene,7,Northwestern Okla. Rangers,14,"1,728",/contests/5365851/box_score,5365851,0,NA,NA
09/21/2024,Tiffin,31,Northwood Timberwolves,23,"2,798",/contests/5365857/box_score,5365857,0,NA,NA
09/21/2024,Bowie St. Bulldogs,31,Livingstone,17,"2,038",/contests/5365858/box_score,5365858,0,NA,NA
09/21/2024,Miles,42,Lane Dragons,32,"1,761",/contests/5365861/box_score,5365861,0,NA,NA
09/21/2024,Erskine The Flying Fleet,0,Valdosta St.,73,375,/contests/5365862/box_score,5365862,0,NA,NA
09/21/2024,Mississippi Col. Choctaws,7,North Greenville,29,"3,472",/contests/5365864/box_score,5365864,0,NA,NA
09/21/2024,Eastern N.M. Greyhounds,15,Midwestern St.,36,"1,313",/contests/5365865/box_score,5365865,0,NA,NA
09/21/2024,Henderson St.,27,Arkansas Tech Wonder Boys,12,"5,423",/contests/5365866/box_score,5365866,0,NA,NA
09/21/2024,Wayne St. (MI),6,UIndy Greyhounds,30,"1,656",/contests/5365869/box_score,5365869,0,NA,NA
09/21/2024,Missouri S&T Miners,14,Quincy,21,"3,027",/contests/5365877/box_score,5365877,0,NA,NA
09/21/2024,Delta St. Statesmen,27,Fort Valley St.,24,"2,797",/contests/5365881/box_score,5365881,0,NA,NA
09/21/2024,Tex. Permian Basin,14,Tex. A&M-Kingsville Javelinas,20,"5,825",/contests/5365883/box_score,5365883,0,NA,NA
09/21/2024,Western Colo.,38,Adams St. Grizzlies,0,"1,522",/contests/5365891/box_score,5365891,0,NA,NA
09/21/2024,Johnson C. Smith Golden Bulls,21,Virginia Union,16,"4,490",/contests/5365894/box_score,5365894,0,NA,NA
09/21/2024,Southeastern Okla.,29,Okla. Baptist Bison,10,"2,023",/contests/5365899/box_score,5365899,0,NA,NA
09/21/2024,Southern Ark.,20,Ouachita Baptist Tigers,25,"6,869",/contests/5365901/box_score,5365901,0,NA,NA
09/21/2024,East Central Tigers,3,Southwestern Okla.,19,"1,933",/contests/5365902/box_score,5365902,0,NA,NA
09/21/2024,West Florida,33,West Ala. Tigers,35,"5,103",/contests/5365908/box_score,5365908,0,NA,NA
09/21/2024,West Virginia St.,57,West Liberty Hilltoppers,37,"2,312",/contests/5365909/box_score,5365909,0,NA,NA
09/21/2024,Fort Hays St. Tigers,37,Northeastern St.,0,"2,450",/contests/5365917/box_score,5365917,0,NA,NA
09/21/2024,Grand Valley St. Lakers,20,Wis.-La Crosse,13,"15,884",/contests/5365918/box_score,5365918,0,NA,NA
09/21/2024,West Tex. A&M,3,Central Wash. Wildcats,45,"3,157",/contests/5365924/box_score,5365924,0,NA,NA
09/21/2024,Western N.M.,0,Angelo St. Rams,21,300,/contests/5365925/box_score,5365925,0,NA,NA
09/21/2024,Allen,35,Point U.,10,600,/contests/5365929/box_score,5365929,0,NA,NA
09/21/2024,Neb.-Kearney,17,Central Okla. Bronchos,32,"3,400",/contests/5365930/box_score,5365930,0,NA,NA
09/28/2024,Franklin Pierce Ravens,48,Pace,20,345,/contests/5365932/box_score,5365932,0,NA,NA
09/28/2024,Ohio Dominican,38,Ky. Wesleyan Panthers,7,"1,273",/contests/5365937/box_score,5365937,0,NA,NA
09/28/2024,Winston-Salem,28,Bowie St. Bulldogs,14,"4,900",/contests/5365939/box_score,5365939,0,NA,NA
09/28/2024,Glenville St. Pioneers,14,UNC Pembroke,7,"1,000",/contests/5365942/box_score,5365942,0,NA,NA
09/28/2024,West Virginia St.,48,West Va. Wesleyan Bobcats,22,"1,023",/contests/5365943/box_score,5365943,0,NA,NA
09/28/2024,Campbellsville,24,Roosevelt  Lakers,8,"1,100",/contests/5365945/box_score,5365945,0,NA,NA
09/28/2024,MSU Moorhead,43,Augustana  Vikings,41,"1,235",/contests/5365951/box_score,5365951,0,NA,NA
09/28/2024,N.M. Highlands Cowboys,12,Western Colo.,53,"1,002",/contests/5365955/box_score,5365955,0,NA,NA
09/29/2024,Limestone,37,Emory & Henry Wasps,24,"1,245",/contests/5365957/box_score,5365957,0,NA,NA
09/28/2024,American Int'l Yellow Jackets,7,Ferris St.,84,"1,468",/contests/5365963/box_score,5365963,0,NA,NA
09/28/2024,California  Vulcans,49,Gannon,7,"4,122",/contests/5365966/box_score,5365966,0,NA,NA
09/28/2024,Minn. Duluth Bulldogs,62,Southwest Minn. St.,0,"4,075",/contests/5365969/box_score,5365969,0,NA,NA
09/28/2024,Concordia-St. Paul Golden Bears,20,Minnesota St.,33,"3,617",/contests/5365970/box_score,5365970,0,NA,NA
09/28/2024,Truman St. Bulldogs,31,Wayne St. (MI),17,"2,343",/contests/5365971/box_score,5365971,0,NA,NA
09/28/2024,Mercyhurst,24,Frostburg St. Bobcats,25,"1,150",/contests/5365978/box_score,5365978,0,NA,NA
09/29/2024,Lenoir-Rhyne Bears,37,Tusculum,23,"1,046",/contests/5365986/box_score,5365986,0,NA,NA
09/28/2024,Southwest Baptist,17,Lincoln  Blue Tigers,13,"2,322",/contests/5365995/box_score,5365995,0,NA,NA
09/28/2024,Colorado Mesa,18,Chadron St. Eagles,3,"3,792",/contests/5366000/box_score,5366000,0,NA,NA
09/28/2024,Colo. Sch. of Mines,52,Black Hills St. Yellow Jackets,24,"6,958",/contests/5366001/box_score,5366001,0,NA,NA
09/28/2024,Lock Haven Bald Eagles,24,Millersville,23,"1,587",/contests/5366002/box_score,5366002,0,NA,NA
09/28/2024,Shippensburg,0,Shepherd Rams,38,"2,423",/contests/5366005/box_score,5366005,0,NA,NA
09/28/2024,Central Mo. Mules,36,Neb.-Kearney,35,"7,124",/contests/5366007/box_score,5366007,0,NA,NA
09/28/2024,Adams St. Grizzlies,10,CSU Pueblo,66,450,/contests/5366009/box_score,5366009,0,NA,NA
09/28/2024,Ashland Eagles,21,Tiffin,12,"2,115",/contests/5366015/box_score,5366015,0,NA,NA
09/28/2024,Concord,7,Charleston  Golden Eagles,42,"1,257",/contests/5366019/box_score,5366019,0,NA,NA
09/28/2024,Virginia Union,42,Shaw Bears,7,"2,035",/contests/5366023/box_score,5366023,0,NA,NA
09/28/2024,Minot St. Beavers,26,Sioux Falls,22,"2,515",/contests/5366025/box_score,5366025,0,NA,NA
09/21/2024,Missouri S&T,14,Quincy Hawks,21,"3,027",/contests/5366026/box_score,5366026,0,NA,NA
09/28/2024,Morehouse,5,Benedict Tigers,21,"2,102",/contests/5366034/box_score,5366034,0,NA,NA
09/28/2024,Wheeling,49,Fairmont St. Falcons,52,500,/contests/5366043/box_score,5366043,0,NA,NA
09/28/2024,Chowan Hawks,27,Mississippi Col.,25,532,/contests/5366044/box_score,5366044,0,NA,NA
09/28/2024,St. Anselm,31,Southern Conn. St. Owls,28,"1,227",/contests/5366045/box_score,5366045,0,NA,NA
09/28/2024,William Jewell,7,Davenport Panthers,17,"2,216",/contests/5366046/box_score,5366046,0,NA,NA
09/28/2024,Western Ore.,24,West Tex. A&M Buffaloes,16,"1,457",/contests/5366047/box_score,5366047,0,NA,NA
09/28/2024,Northwest Mo. St.,14,Emporia St. Hornets,9,"4,895",/contests/5366051/box_score,5366051,0,NA,NA
09/28/2024,Virginia St.,35,Fayetteville St. Broncos,18,"1,347",/contests/5366056/box_score,5366056,0,NA,NA
09/28/2024,Findlay Oilers,28,Hillsdale,21,"2,761",/contests/5366059/box_score,5366059,0,NA,NA
09/28/2024,Bentley Falcons,35,New Haven,45,"1,500",/contests/5366060/box_score,5366060,0,NA,NA
09/28/2024,Barton,27,Anderson  Trojans,13,"2,975",/contests/5366064/box_score,5366064,0,NA,NA
09/28/2024,Bloomsburg Huskies,23,West Chester,21,"2,688",/contests/5366065/box_score,5366065,0,NA,NA
09/28/2024,Bemidji St. Beavers,41,Mary,7,"3,500",/contests/5366066/box_score,5366066,0,NA,NA
09/28/2024,Fort Lewis Skyhawks,33,South Dakota Mines,49,"1,739",/contests/5366069/box_score,5366069,0,NA,NA
09/28/2024,Missouri Western Griffons,16,Washburn,24,"2,781",/contests/5366070/box_score,5366070,0,NA,NA
09/28/2024,Albany St.  Golden Rams,49,Kentucky St.,21,"2,257",/contests/5366075/box_score,5366075,0,NA,NA
09/28/2024,Grand Valley St. Lakers,31,West Florida,7,"10,458",/contests/5366080/box_score,5366080,0,NA,NA
09/28/2024,Northeastern St.,20,Mo. Southern St. Lions,27,"2,953",/contests/5366086/box_score,5366086,0,NA,NA
09/28/2024,Indiana (PA),31,Clarion Golden Eagles,0,"5,192",/contests/5366091/box_score,5366091,0,NA,NA
09/28/2024,Okla. Baptist,20,East Central Tigers,10,"2,223",/contests/5366098/box_score,5366098,0,NA,NA
09/28/2024,Central Wash. Wildcats,36,Western N.M.,0,"5,246",/contests/5366099/box_score,5366099,0,NA,NA
09/28/2024,Catawba,34,Carson-Newman Eagles,35,"1,971",/contests/5366100/box_score,5366100,0,NA,NA
09/27/2024,Assumption Greyhounds,35,Post,7,"1,255",/contests/5366101/box_score,5366101,0,NA,NA
09/28/2024,Western Ill.,49,McKendree Bearcats,32,"4,827",/contests/5366103/box_score,5366103,0,NA,NA
09/28/2024,Slippery Rock,28,Edinboro Fighting Scots,23,"7,803",/contests/5366107/box_score,5366107,0,NA,NA
09/28/2024,Northern St. Wolves,30,Winona St.,24,"4,877",/contests/5366108/box_score,5366108,0,NA,NA
09/28/2024,Johnson C. Smith,42,Bluefield St. Big Blue,3,258,/contests/5366109/box_score,5366109,0,NA,NA
09/28/2024,UIndy,24,Saginaw Valley Cardinals,28,"2,076",/contests/5366110/box_score,5366110,0,NA,NA
09/28/2024,Ouachita Baptist,49,Ark.-Monticello Boll Weevils,14,"3,452",/contests/5366114/box_score,5366114,0,NA,NA
09/28/2024,Northwestern Okla. Rangers,21,Southeastern Okla.,27,"2,100",/contests/5366115/box_score,5366115,0,NA,NA
09/28/2024,Southwestern Okla.,24,Southern Nazarene Crimson Storm,17,"3,028",/contests/5366117/box_score,5366117,0,NA,NA
09/28/2024,Arkansas Tech Wonder Boys,7,Southern Ark.,38,"3,824",/contests/5366119/box_score,5366119,0,NA,NA
09/29/2024,Savannah St.,0,Fort Valley St. Wildcats,30,"3,693",/contests/5366121/box_score,5366121,0,NA,NA
09/28/2024,Lincoln  Lions,14,Livingstone,15,"1,212",/contests/5366124/box_score,5366124,0,NA,NA
09/28/2024,Lake Erie Storm,20,Northwood,55,350,/contests/5366125/box_score,5366125,0,NA,NA
09/28/2024,East Stroudsburg Warriors,21,Kutztown,27,"4,757",/contests/5366127/box_score,5366127,0,NA,NA
09/29/2024,Edward Waters Tigers,13,Tuskegee,27,"1,095",/contests/5366129/box_score,5366129,0,NA,NA
11/22/2024,North Greenville Crusaders,37,Shorter,17,"1,042",/contests/5366135/box_score,5366135,0,NA,NA
09/28/2024,Thomas More Saints,44,Walsh,21,"1,421",/contests/5366137/box_score,5366137,0,NA,NA
09/28/2024,Midwestern St. Mustangs,3,Tex. Permian Basin,27,"6,127",/contests/5366139/box_score,5366139,0,NA,NA
09/28/2024,Tex. A&M-Kingsville,56,Sul Ross St. Lobos  *NCAA Division II Reclassifying Member,21,"10,500",/contests/5366140/box_score,5366140,0,NA,NA
09/28/2024,Central Okla. Bronchos,49,Fort Hays St.,24,"5,234",/contests/5366141/box_score,5366141,0,NA,NA
09/28/2024,Harding Bisons,66,Henderson St.,0,"5,200",/contests/5366144/box_score,5366144,0,NA,NA
09/28/2024,Allen,13,Miles,33,608,/contests/5366145/box_score,5366145,0,NA,NA
10/05/2024,Wheeling,32,UNC Pembroke Braves,35,500,/contests/5366155/box_score,5366155,0,NA,NA
10/05/2024,Charleston  Golden Eagles,29,Glenville St.,17,"1,136",/contests/5366156/box_score,5366156,0,NA,NA
09/21/2024,Warner,25,Shorter Hawks,47,0,/contests/5366160/box_score,5366160,0,NA,NA
10/05/2024,Kutztown,42,Bloomsburg Huskies,10,"6,224",/contests/5366161/box_score,5366161,0,NA,NA
10/05/2024,Walsh,63,Lake Erie Storm,34,"1,634",/contests/5366162/box_score,5366162,0,NA,NA
10/05/2024,Davenport Panthers,7,Grand Valley St.,24,"2,102",/contests/5366163/box_score,5366163,0,NA,NA
10/05/2024,Millersville,17,East Stroudsburg Warriors,57,"2,155",/contests/5366168/box_score,5366168,0,NA,NA
10/05/2024,Pace,16,Bentley Falcons,31,350,/contests/5366169/box_score,5366169,0,NA,NA
10/05/2024,Michigan Tech Huskies,22,Wayne St. (MI),7,"1,974",/contests/5366172/box_score,5366172,0,NA,NA
10/05/2024,West Chester,28,Shippensburg Raiders,10,"2,980",/contests/5366173/box_score,5366173,0,NA,NA
10/05/2024,Shepherd,45,Lock Haven Bald Eagles,38,"4,197",/contests/5366174/box_score,5366174,0,NA,NA
10/05/2024,Chadron St.,52,Adams St. Grizzlies,3,"2,500",/contests/5366175/box_score,5366175,0,NA,NA
10/05/2024,Henderson St. Reddies,52,Okla. Baptist,7,"3,142",/contests/5366183/box_score,5366183,0,NA,NA
10/05/2024,Carson-Newman,28,Barton Bulldogs,17,"3,714",/contests/5366188/box_score,5366188,0,NA,NA
10/05/2024,Northwood,13,Hillsdale Chargers,14,"2,391",/contests/5366197/box_score,5366197,0,NA,NA
10/05/2024,Colorado Mesa,14,Colo. Sch. of Mines Orediggers,13,"3,084",/contests/5366209/box_score,5366209,0,NA,NA
10/05/2024,Wayne St. (NE),27,Minot St. Beavers,21,"1,809",/contests/5366213/box_score,5366213,0,NA,NA
10/05/2024,Morgan St.,41,Lincoln  Lions,0,"7,632",/contests/5366217/box_score,5366217,0,NA,NA
10/05/2024,Gannon Golden Knights,23,Seton Hill,17,"2,713",/contests/5366225/box_score,5366225,0,NA,NA
10/05/2024,Tusculum,21,Limestone Saints,49,819,/contests/5366226/box_score,5366226,0,NA,NA
10/05/2024,Emory & Henry Wasps,31,Lenoir-Rhyne,20,"5,692",/contests/5366227/box_score,5366227,0,NA,NA
10/05/2024,Ashland Eagles,26,Ohio Dominican,6,"3,035",/contests/5366228/box_score,5366228,0,NA,NA
10/05/2024,Ky. Wesleyan,9,Findlay Oilers,49,678,/contests/5366229/box_score,5366229,0,NA,NA
10/05/2024,Winona St.,33,MSU Moorhead Dragons,6,"1,798",/contests/5366235/box_score,5366235,0,NA,NA
10/05/2024,Northern Mich. Wildcats,14,Saginaw Valley,63,"2,553",/contests/5366241/box_score,5366241,0,NA,NA
10/05/2024,Augustana  Vikings,28,Minn. Duluth,24,"3,676",/contests/5366242/box_score,5366242,0,NA,NA
10/05/2024,Virginia Union Panthers,31,Winston-Salem,13,"5,222",/contests/5366243/box_score,5366243,0,NA,NA
10/05/2024,New Haven,56,American Int'l Yellow Jackets,0,"4,022",/contests/5366244/box_score,5366244,0,NA,NA
10/05/2024,Fayetteville St.,27,Bowie St. Bulldogs,24,"1,920",/contests/5366246/box_score,5366246,0,NA,NA
10/05/2024,Shaw,35,Bluefield St. Big Blue,17,429,/contests/5366247/box_score,5366247,0,NA,NA
10/05/2024,Southwest Minn. St.,0,"Neb.-Kearney Antelopes, Lopers",35,"1,504",/contests/5366250/box_score,5366250,0,NA,NA
10/05/2024,Frostburg St. Bobcats,49,West Va. Wesleyan,16,"1,044",/contests/5366252/box_score,5366252,0,NA,NA
10/05/2024,St. Anselm,56,Post Eagles,28,797,/contests/5366254/box_score,5366254,0,NA,NA
10/05/2024,West Liberty,31,Concord Mountain Lions,10,479,/contests/5366277/box_score,5366277,0,NA,NA
10/05/2024,William Jewell,20,UIndy Greyhounds,23,"1,476",/contests/5366279/box_score,5366279,0,NA,NA
10/05/2024,Indiana  Crimson Hawks,32,Slippery Rock,33,"6,240",/contests/5366287/box_score,5366287,0,NA,NA
10/05/2024,Southern Conn. St.,28,Assumption Greyhounds,35,"2,010",/contests/5366289/box_score,5366289,0,NA,NA
10/05/2024,Pittsburg St.,31,Missouri Western Griffons,20,"8,498",/contests/5366294/box_score,5366294,0,NA,NA
10/05/2024,Clark Atlanta Panthers,28,Savannah St.,35,"1,436",/contests/5366297/box_score,5366297,0,NA,NA
10/06/2024,Catawba,44,Anderson  Trojans,41,"1,205",/contests/5366301/box_score,5366301,0,NA,NA
10/05/2024,Minnesota St. Mavericks,36,Sioux Falls,40,"7,105",/contests/5366303/box_score,5366303,0,NA,NA
10/05/2024,Clarion,27,California  Vulcans,31,"1,541",/contests/5366307/box_score,5366307,0,NA,NA
10/05/2024,Kentucky St. Thorobreds,24,Lane,20,"2,219",/contests/5366308/box_score,5366308,0,NA,NA
10/05/2024,Ferris St. Bulldogs,55,Roosevelt,13,"5,712",/contests/5366309/box_score,5366309,0,NA,NA
10/05/2024,CSU Pueblo ThunderWolves,67,N.M. Highlands,28,"6,221",/contests/5366310/box_score,5366310,0,NA,NA
10/05/2024,Johnson C. Smith Golden Bulls,21,Virginia St.,17,"3,423",/contests/5366311/box_score,5366311,0,NA,NA
10/05/2024,Western N.M. Mustangs,10,Western Ore.,34,800,/contests/5366312/box_score,5366312,0,NA,NA
10/05/2024,Mary,13,Concordia-St. Paul Golden Bears,19,"2,812",/contests/5366313/box_score,5366313,0,NA,NA
10/05/2024,Lincoln  Blue Tigers,40,Lincoln (CA),14,"4,124",/contests/5366314/box_score,5366314,0,NA,NA
10/05/2024,Emporia St. Hornets,48,Northeastern St.,14,"5,338",/contests/5366315/box_score,5366315,0,NA,NA
10/05/2024,Mo. Southern St.,24,Central Okla. Bronchos,59,"1,938",/contests/5366316/box_score,5366316,0,NA,NA
10/05/2024,Southeastern Okla.,9,Ouachita Baptist Tigers,25,"2,543",/contests/5366319/box_score,5366319,0,NA,NA
10/05/2024,Southwestern Okla.,3,Harding Bisons,57,905,/contests/5366321/box_score,5366321,0,NA,NA
10/05/2024,Fairmont St. Falcons,34,West Virginia St.,45,"1,506",/contests/5366331/box_score,5366331,0,NA,NA
10/05/2024,Northern St.,14,Bemidji St. Beavers,13,"6,888",/contests/5366332/box_score,5366332,0,NA,NA
10/05/2024,Southern Ark. Muleriders,49,Southern Nazarene,21,"4,260",/contests/5366334/box_score,5366334,0,NA,NA
10/05/2024,McKendree Bearcats,10,Quincy,34,"3,156",/contests/5366336/box_score,5366336,0,NA,NA
10/05/2024,Washburn,34,Northwest Mo. St. Bearcats,51,"5,875",/contests/5366338/box_score,5366338,0,NA,NA
10/05/2024,Northwestern Okla.,21,Arkansas Tech Wonder Boys,44,"4,130",/contests/5366340/box_score,5366340,0,NA,NA
10/05/2024,East Central,42,Ark.-Monticello Boll Weevils,17,"3,278",/contests/5366341/box_score,5366341,0,NA,NA
10/05/2024,Benedict Tigers,21,North Greenville,38,"5,000",/contests/5366343/box_score,5366343,0,NA,NA
10/05/2024,Edward Waters Tigers,14,Fort Valley St.,48,650,/contests/5366347/box_score,5366347,0,NA,NA
10/05/2024,Tiffin,51,Thomas More Saints,10,"2,350",/contests/5366351/box_score,5366351,0,NA,NA
10/05/2024,Livingstone,23,Elizabeth City St. Vikings,17,"1,879",/contests/5366352/box_score,5366352,0,NA,NA
10/05/2024,Miles,16,Central St.  Marauders,7,"6,278",/contests/5366356/box_score,5366356,0,NA,NA
10/05/2024,West Florida,31,Mississippi Col. Choctaws,0,"2,689",/contests/5366357/box_score,5366357,0,NA,NA
10/05/2024,South Dakota Mines,20,Black Hills St. Yellow Jackets,22,"4,721",/contests/5366361/box_score,5366361,0,NA,NA
10/05/2024,Eastern N.M.,28,Central Wash. Wildcats,44,"3,544",/contests/5366362/box_score,5366362,0,NA,NA
10/05/2024,Missouri S&T Miners,65,Southwest Baptist,24,"2,446",/contests/5366365/box_score,5366365,0,NA,NA
10/05/2024,Delta St.,54,Chowan Hawks,9,"1,347",/contests/5366366/box_score,5366366,0,NA,NA
10/05/2024,Tex. Permian Basin,7,Angelo St. Rams,36,"5,629",/contests/5366367/box_score,5366367,0,NA,NA
10/05/2024,Western Colo.,44,Fort Lewis Skyhawks,7,"1,933",/contests/5366372/box_score,5366372,0,NA,NA
10/05/2024,Upper Iowa,23,Truman St. Bulldogs,26,"1,765",/contests/5366375/box_score,5366375,0,NA,NA
10/05/2024,Fort Hays St.,31,Central Mo. Mules,21,"7,135",/contests/5366383/box_score,5366383,0,NA,NA
10/05/2024,Tex. A&M-Kingsville,40,Midwestern St. Mustangs,13,"4,400",/contests/5366386/box_score,5366386,0,NA,NA
10/05/2024,Allen,17,Albany St.  Golden Rams,57,523,/contests/5366387/box_score,5366387,0,NA,NA
10/10/2024,Okla. Baptist Bison,10,Southern Ark.,65,"1,715",/contests/5366390/box_score,5366390,0,NA,NA
10/12/2024,American Int'l Yellow Jackets,14,Franklin Pierce,41,"1,282",/contests/5366399/box_score,5366399,0,NA,NA
10/12/2024,Winston-Salem,34,Shaw Bears,14,"3,000",/contests/5366400/box_score,5366400,0,NA,NA
10/12/2024,UNC Pembroke Braves,67,West Liberty,20,"2,107",/contests/5366403/box_score,5366403,0,NA,NA
10/12/2024,Lincoln (PA),37,Bluefield St. Big Blue,13,"4,108",/contests/5366404/box_score,5366404,0,NA,NA
10/12/2024,Charleston  Golden Eagles,42,Wheeling,23,"1,269",/contests/5366405/box_score,5366405,0,NA,NA
10/12/2024,Assumption Greyhounds,16,Bentley,13,856,/contests/5366410/box_score,5366410,0,NA,NA
10/12/2024,MSU Moorhead Dragons,19,Minnesota St.,24,"1,678",/contests/5366413/box_score,5366413,0,NA,NA
10/12/2024,Kutztown Golden Bears,24,Lock Haven,0,"2,550",/contests/5366414/box_score,5366414,0,NA,NA
10/12/2024,Colo. Sch. of Mines Orediggers,45,South Dakota Mines,20,"3,472",/contests/5366420/box_score,5366420,0,NA,NA
10/12/2024,Findlay,21,Ashland Eagles,41,730,/contests/5366421/box_score,5366421,0,NA,NA
10/12/2024,Thomas More,3,Northwood Timberwolves,20,"2,071",/contests/5366423/box_score,5366423,0,NA,NA
10/12/2024,Millersville Marauders,27,Shippensburg,35,"1,498",/contests/5366424/box_score,5366424,0,NA,NA
10/12/2024,Pace Setters,26,St. Anselm,20,300,/contests/5366425/box_score,5366425,0,NA,NA
10/12/2024,Michigan Tech,20,Davenport Panthers,24,"1,231",/contests/5366428/box_score,5366428,0,NA,NA
10/12/2024,West Chester,35,Shepherd Rams,14,"1,777",/contests/5366429/box_score,5366429,0,NA,NA
10/12/2024,Post Eagles,27,Southern Conn. St.,31,500,/contests/5366433/box_score,5366433,0,NA,NA
10/12/2024,Minn. Duluth Bulldogs,21,Northern St.,24,"2,089",/contests/5366434/box_score,5366434,0,NA,NA
10/12/2024,Ouachita Baptist,40,East Central Tigers,0,"5,875",/contests/5366439/box_score,5366439,0,NA,NA
10/12/2024,Mars Hill,27,Carson-Newman Eagles,28,"3,250",/contests/5366449/box_score,5366449,0,NA,NA
10/12/2024,Lenoir-Rhyne Bears,24,Newberry,3,"6,017",/contests/5366458/box_score,5366458,0,NA,NA
10/12/2024,Central St.  Marauders,20,Clark Atlanta,25,"6,630",/contests/5366464/box_score,5366464,0,NA,NA
10/12/2024,McKendree Bearcats,37,Southwest Baptist,14,"1,514",/contests/5366472/box_score,5366472,0,NA,NA
10/12/2024,Central Mo. Mules,28,Missouri Western,38,"7,022",/contests/5366477/box_score,5366477,0,NA,NA
10/12/2024,Adams St. Grizzlies,10,Colorado Mesa,52,400,/contests/5366482/box_score,5366482,0,NA,NA
10/12/2024,West Va. Wesleyan,21,Fairmont St. Falcons,40,421,/contests/5366486/box_score,5366486,0,NA,NA
10/12/2024,Kentucky St.,23,Benedict Tigers,21,"1,057",/contests/5366488/box_score,5366488,0,NA,NA
10/12/2024,Slippery Rock,35,Gannon Golden Knights,17,"9,787",/contests/5366495/box_score,5366495,0,NA,NA
10/12/2024,Black Hills St. Yellow Jackets,14,Western Colo.,35,"2,476",/contests/5366496/box_score,5366496,0,NA,NA
10/12/2024,Virginia Union,35,Elizabeth City St. Vikings,0,"4,336",/contests/5366497/box_score,5366497,0,NA,NA
10/12/2024,Roosevelt  Lakers,14,Saginaw Valley,27,812,/contests/5366498/box_score,5366498,0,NA,NA
10/12/2024,Upper Iowa Peacocks,38,William Jewell,31,"2,080",/contests/5366500/box_score,5366500,0,NA,NA
10/12/2024,Sioux Falls,35,Concordia-St. Paul Golden Bears,21,"1,701",/contests/5366501/box_score,5366501,0,NA,NA
10/12/2024,Minot St.,7,Augustana  Vikings,20,"1,512",/contests/5366502/box_score,5366502,0,NA,NA
10/12/2024,Mo. Southern St.,30,Emporia St. Hornets,49,"1,937",/contests/5366503/box_score,5366503,0,NA,NA
10/12/2024,Central Okla. Bronchos,48,Northwest Mo. St.,20,"2,248",/contests/5366504/box_score,5366504,0,NA,NA
10/12/2024,Miles,32,Albany St.  Golden Rams,21,"2,217",/contests/5366510/box_score,5366510,0,NA,NA
10/12/2024,Glenville St.,9,Frostburg St. Bobcats,41,"2,000",/contests/5366522/box_score,5366522,0,NA,NA
10/12/2024,West Virginia St.,44,Concord Mountain Lions,14,"3,421",/contests/5366523/box_score,5366523,0,NA,NA
10/12/2024,Western Ore.,49,Eastern N.M. Greyhounds,20,"1,437",/contests/5366525/box_score,5366525,0,NA,NA
10/12/2024,Virginia St.,38,Bowie St. Bulldogs,17,"4,793",/contests/5366535/box_score,5366535,0,NA,NA
10/12/2024,UVA Wise,13,Anderson  Trojans,20,"2,275",/contests/5366536/box_score,5366536,0,NA,NA
10/12/2024,Southern Nazarene,21,Henderson St. Reddies,48,"1,847",/contests/5366540/box_score,5366540,0,NA,NA
10/12/2024,N.M. Highlands,33,Chadron St. Eagles,30,"2,142",/contests/5366543/box_score,5366543,0,NA,NA
10/12/2024,Bloomsburg Huskies,0,East Stroudsburg,31,"3,269",/contests/5366545/box_score,5366545,0,NA,NA
10/12/2024,Fort Lewis,24,CSU Pueblo ThunderWolves,58,"1,795",/contests/5366546/box_score,5366546,0,NA,NA
10/12/2024,Tusculum,21,Emory & Henry Wasps,23,"1,672",/contests/5366550/box_score,5366550,0,NA,NA
10/12/2024,Winona St.,48,Mary Marauders,7,"3,244",/contests/5366552/box_score,5366552,0,NA,NA
10/12/2024,Livingstone,24,Fayetteville St. Broncos,19,"3,579",/contests/5366553/box_score,5366553,0,NA,NA
10/12/2024,Edinboro Fighting Scots,27,Indiana (PA),23,"3,678",/contests/5366554/box_score,5366554,0,NA,NA
10/12/2024,Harding Bisons,62,Northwestern Okla.,0,"2,100",/contests/5366559/box_score,5366559,0,NA,NA
10/12/2024,Ark.-Monticello Boll Weevils,0,Southeastern Okla.,27,"2,738",/contests/5366560/box_score,5366560,0,NA,NA
10/12/2024,Lane Dragons,17,Tuskegee,27,712,/contests/5366565/box_score,5366565,0,NA,NA
10/12/2024,Fort Valley St.,49,Allen,40,"26,730",/contests/5366566/box_score,5366566,0,NA,NA
10/12/2024,"Neb.-Kearney Antelopes, Lopers",10,Pittsburg St.,20,"4,135",/contests/5366568/box_score,5366568,0,NA,NA
10/12/2024,Chowan Hawks,31,Shorter,27,627,/contests/5366569/box_score,5366569,0,NA,NA
10/12/2024,Mississippi Col. Choctaws,0,West Ala.,26,"3,154",/contests/5366570/box_score,5366570,0,NA,NA
10/12/2024,Hillsdale Chargers,35,Walsh,36,"3,076",/contests/5366581/box_score,5366581,0,NA,NA
10/12/2024,Ky. Wesleyan Panthers,23,Lake Erie,29,540,/contests/5366582/box_score,5366582,0,NA,NA
10/12/2024,Tiffin,31,Ohio Dominican Panthers,13,"2,412",/contests/5366583/box_score,5366583,0,NA,NA
10/12/2024,Seton Hill,21,California  Vulcans,28,650,/contests/5366584/box_score,5366584,0,NA,NA
10/12/2024,Arkansas Tech Wonder Boys,29,Southwestern Okla.,19,"4,129",/contests/5366587/box_score,5366587,0,NA,NA
10/05/2024,Delta St. Statesmen,54,Chowan,9,"1,347",/contests/5366588/box_score,5366588,0,NA,NA
10/12/2024,Southwest Minn. St. Mustangs,7,Wayne St. (NE),41,"2,372",/contests/5366592/box_score,5366592,0,NA,NA
10/12/2024,Central Wash. Wildcats,13,Tex. Permian Basin,14,"5,112",/contests/5366595/box_score,5366595,0,NA,NA
10/12/2024,Wayne St. (MI),14,Ferris St. Bulldogs,27,"2,121",/contests/5366596/box_score,5366596,0,NA,NA
10/12/2024,Catawba Catawba Indians,33,Limestone,36,"1,770",/contests/5366597/box_score,5366597,0,NA,NA
10/12/2024,Wingate,50,Barton Bulldogs,0,"2,121",/contests/5366603/box_score,5366603,0,NA,NA
10/12/2024,Northeastern St.,55,Lincoln  Blue Tigers,7,"2,822",/contests/5366604/box_score,5366604,0,NA,NA
10/12/2024,Angelo St. Rams,38,Tex. A&M-Kingsville,0,"5,237",/contests/5366605/box_score,5366605,0,NA,NA
10/05/2024,McKendree,10,Quincy Hawks,34,"3,156",/contests/5366606/box_score,5366606,0,NA,NA
10/12/2024,Truman St.,48,Missouri S&T Miners,17,"1,548",/contests/5366607/box_score,5366607,0,NA,NA
10/12/2024,Savannah St. Tigers,30,Lincoln (CA),18,"1,760",/contests/5366611/box_score,5366611,0,NA,NA
10/12/2024,Fort Hays St. Tigers,38,Washburn,7,"5,525",/contests/5366615/box_score,5366615,0,NA,NA
10/12/2024,Grand Valley St. Lakers,49,Northern Mich.,17,"7,002",/contests/5366616/box_score,5366616,0,NA,NA
10/12/2024,North Greenville Crusaders,24,Valdosta St.,32,"1,874",/contests/5366617/box_score,5366617,0,NA,NA
10/12/2024,Midwestern St. Mustangs,40,Sul Ross St.,21,"5,127",/contests/5366618/box_score,5366618,0,NA,NA
10/12/2024,West Tex. A&M Buffaloes,42,Western N.M.,17,"8,147",/contests/5366619/box_score,5366619,0,NA,NA
10/19/2024,Ohio Dominican,10,Findlay Oilers,26,"1,023",/contests/5366630/box_score,5366630,0,NA,NA
10/19/2024,Wheeling,35,West Virginia St. Yellow Jackets,33,500,/contests/5366636/box_score,5366636,0,NA,NA
10/19/2024,Fairmont St. Falcons,37,UNC Pembroke,28,731,/contests/5366637/box_score,5366637,0,NA,NA
10/19/2024,Eastern N.M. Greyhounds,24,West Tex. A&M,42,"3,552",/contests/5366640/box_score,5366640,0,NA,NA
10/19/2024,Walsh,21,Tiffin Dragons,38,"2,913",/contests/5366647/box_score,5366647,0,NA,NA
10/19/2024,Limestone Saints,12,Wingate,38,"2,200",/contests/5366648/box_score,5366648,0,NA,NA
10/19/2024,Thomas More,3,Ashland Eagles,28,"1,725",/contests/5366653/box_score,5366653,0,NA,NA
10/19/2024,Clarion Golden Eagles,29,Edinboro,28,"1,124",/contests/5366654/box_score,5366654,0,NA,NA
10/19/2024,Shepherd,35,Millersville Marauders,21,"5,413",/contests/5366658/box_score,5366658,0,NA,NA
10/19/2024,Concordia-St. Paul Golden Bears,31,MSU Moorhead,34,"2,056",/contests/5366662/box_score,5366662,0,NA,NA
10/19/2024,Mary Marauders,0,Wayne St. (NE),30,"1,106",/contests/5366663/box_score,5366663,0,NA,NA
10/19/2024,Lincoln  Blue Tigers,3,Upper Iowa,31,979,/contests/5366664/box_score,5366664,0,NA,NA
10/19/2024,Tuskegee,38,Kentucky St. Thorobreds,24,"3,712",/contests/5366668/box_score,5366668,0,NA,NA
10/19/2024,Elizabeth City St. Vikings,7,Virginia St.,36,"1,247",/contests/5366673/box_score,5366673,0,NA,NA
10/19/2024,Carson-Newman Eagles,35,UVA Wise,23,"3,311",/contests/5366677/box_score,5366677,0,NA,NA
10/19/2024,Franklin Pierce Ravens,55,Post,20,240,/contests/5366678/box_score,5366678,0,NA,NA
10/19/2024,Bentley,27,American Int'l Yellow Jackets,14,"1,200",/contests/5366683/box_score,5366683,0,NA,NA
10/19/2024,Northwood,20,Ky. Wesleyan Panthers,27,"1,321",/contests/5366688/box_score,5366688,0,NA,NA
10/19/2024,Clark Atlanta Panthers,28,Miles,49,"14,809",/contests/5366696/box_score,5366696,0,NA,NA
10/19/2024,McKendree Bearcats,34,UIndy,42,"1,007",/contests/5366700/box_score,5366700,0,NA,NA
10/19/2024,Colorado Mesa Mavericks,21,N.M. Highlands,10,"3,766",/contests/5366702/box_score,5366702,0,NA,NA
10/19/2024,Southern Conn. St.,0,New Haven Chargers,21,"2,413",/contests/5366705/box_score,5366705,0,NA,NA
10/19/2024,Anderson  Trojans,3,Emory & Henry,34,"2,446",/contests/5366706/box_score,5366706,0,NA,NA
10/19/2024,Shippensburg,2,Kutztown Golden Bears,31,"4,876",/contests/5366708/box_score,5366708,0,NA,NA
10/19/2024,Northeastern St.,57,Central Okla. Bronchos,64,"2,534",/contests/5366711/box_score,5366711,0,NA,NA
10/19/2024,Bemidji St. Beavers,21,Minot St.,9,"1,015",/contests/5366713/box_score,5366713,0,NA,NA
10/19/2024,Adams St. Grizzlies,14,Colo. Sch. of Mines,56,450,/contests/5366714/box_score,5366714,0,NA,NA
10/19/2024,Concord Mountain Lions,21,Glenville St.,24,"2,060",/contests/5366728/box_score,5366728,0,NA,NA
10/19/2024,Northern Mich. Wildcats,10,Roosevelt,16,"2,261",/contests/5366733/box_score,5366733,0,NA,NA
10/19/2024,Ferris St. Bulldogs,51,Michigan Tech,13,"4,720",/contests/5366734/box_score,5366734,0,NA,NA
10/19/2024,Augustana  Vikings,31,Winona St.,0,"2,696",/contests/5366735/box_score,5366735,0,NA,NA
10/19/2024,CSU Pueblo,24,Black Hills St. Yellow Jackets,21,"5,278",/contests/5366736/box_score,5366736,0,NA,NA
10/19/2024,Western Colo.,35,South Dakota Mines Hardrockers,24,"1,085",/contests/5366737/box_score,5366737,0,NA,NA
10/19/2024,Chadron St. Eagles,55,Fort Lewis,13,"2,718",/contests/5366738/box_score,5366738,0,NA,NA
10/19/2024,Bowie St.,54,Bluefield St. Big Blue,0,"4,436",/contests/5366740/box_score,5366740,0,NA,NA
10/19/2024,Johnson C. Smith Golden Bulls,21,Shaw,14,"5,387",/contests/5366741/box_score,5366741,0,NA,NA
10/19/2024,Sioux Falls,24,Minn. Duluth Bulldogs,21,"2,579",/contests/5366744/box_score,5366744,0,NA,NA
10/12/2024,UIndy,47,Quincy Hawks,10,"3,280",/contests/5366745/box_score,5366745,0,NA,NA
10/19/2024,Washburn,42,Mo. Southern St. Lions,21,"4,375",/contests/5366746/box_score,5366746,0,NA,NA
10/19/2024,Frostburg St.,7,Charleston  Golden Eagles,48,"3,550",/contests/5366747/box_score,5366747,0,NA,NA
10/19/2024,St. Anselm,20,Assumption Greyhounds,14,718,/contests/5366749/box_score,5366749,0,NA,NA
10/19/2024,Lincoln  Lions,12,Virginia Union,63,"1,123",/contests/5366775/box_score,5366775,0,NA,NA
10/19/2024,Chowan Hawks,6,West Florida,35,478,/contests/5366776/box_score,5366776,0,NA,NA
10/19/2024,West Liberty Hilltoppers,21,West Va. Wesleyan,9,"4,352",/contests/5366777/box_score,5366777,0,NA,NA
10/19/2024,William Jewell,28,Missouri S&T Miners,49,750,/contests/5366778/box_score,5366778,0,NA,NA
10/19/2024,Indiana  Crimson Hawks,20,Seton Hill,13,"4,394",/contests/5366791/box_score,5366791,0,NA,NA
10/19/2024,Pittsburg St.,18,Fort Hays St. Tigers,17,"9,265",/contests/5366793/box_score,5366793,0,NA,NA
10/19/2024,Northwest Mo. St.,30,Central Mo. Mules,35,"4,572",/contests/5366795/box_score,5366795,0,NA,NA
10/19/2024,Davenport Panthers,43,Wayne St. (MI),26,"1,445",/contests/5366797/box_score,5366797,0,NA,NA
10/19/2024,Barton Bulldogs,0,Lenoir-Rhyne,20,"3,055",/contests/5366798/box_score,5366798,0,NA,NA
10/12/2024,Chowan,31,Shorter Hawks,27,627,/contests/5366800/box_score,5366800,0,NA,NA
10/19/2024,Missouri Western Griffons,23,Neb.-Kearney,24,"3,119",/contests/5366802/box_score,5366802,0,NA,NA
10/19/2024,Southeastern Okla. Savage Storm,40,Southern Nazarene,14,"1,633",/contests/5366807/box_score,5366807,0,NA,NA
10/19/2024,Ark.-Monticello Boll Weevils,24,Arkansas Tech,13,"1,432",/contests/5366808/box_score,5366808,0,NA,NA
10/19/2024,South Carolina St.,30,Fort Valley St. Wildcats,3,"12,179",/contests/5366809/box_score,5366809,0,NA,NA
10/19/2024,Lane,27,Central St.  Marauders,24,912,/contests/5366813/box_score,5366813,0,NA,NA
10/19/2024,Albany St.  Golden Rams,52,Morehouse,6,"7,304",/contests/5366814/box_score,5366814,0,NA,NA
10/19/2024,Southern Ark.,42,Henderson St. Reddies,19,"4,168",/contests/5366817/box_score,5366817,0,NA,NA
10/12/2024,Mars Hill Lions,27,Carson-Newman,28,"3,250",/contests/5366818/box_score,5366818,0,NA,NA
10/19/2024,Lake Erie,10,Hillsdale Chargers,28,250,/contests/5366823/box_score,5366823,0,NA,NA
10/19/2024,Valdosta St.,35,Mississippi Col. Choctaws,10,"3,885",/contests/5366824/box_score,5366824,0,NA,NA
10/19/2024,Saginaw Valley,9,Grand Valley St. Lakers,16,"8,586",/contests/5366827/box_score,5366827,0,NA,NA
10/19/2024,California  Vulcans,28,Slippery Rock,7,"5,321",/contests/5366829/box_score,5366829,0,NA,NA
10/19/2024,East Central Tigers,20,Northwestern Okla.,14,"1,682",/contests/5366832/box_score,5366832,0,NA,NA
10/12/2024,West Florida,40,Delta St. Statesmen,28,"4,552",/contests/5366842/box_score,5366842,0,NA,NA
10/19/2024,Livingstone Blue Bears,17,Winston-Salem,31,"2,000",/contests/5366845/box_score,5366845,0,NA,NA
10/19/2024,Edward Waters Tigers,20,Savannah St.,27,830,/contests/5366847/box_score,5366847,0,NA,NA
10/19/2024,Okla. Baptist Bison,35,Southwestern Okla.,17,"3,079",/contests/5366848/box_score,5366848,0,NA,NA
10/19/2024,Catawba Catawba Indians,21,Newberry,27,"2,094",/contests/5366851/box_score,5366851,0,NA,NA
10/19/2024,Tex. Permian Basin Falcons,27,Western Ore.,30,"3,515",/contests/5366853/box_score,5366853,0,NA,NA
10/19/2024,Lock Haven,35,Bloomsburg Huskies,32,"2,103",/contests/5366856/box_score,5366856,0,NA,NA
10/19/2024,East Stroudsburg Warriors,45,West Chester,31,"4,833",/contests/5366858/box_score,5366858,0,NA,NA
10/19/2024,Northern St. Wolves,41,Southwest Minn. St.,7,"4,301",/contests/5366859/box_score,5366859,0,NA,NA
10/19/2024,Midwestern St.,7,Angelo St. Rams,44,"5,153",/contests/5366866/box_score,5366866,0,NA,NA
10/19/2024,Sul Ross St. Lobos  *NCAA Division II Reclassifying Member,34,Western N.M.,20,208,/contests/5366867/box_score,5366867,0,NA,NA
10/19/2024,Tex. A&M-Kingsville,0,Central Wash. Wildcats,31,"4,500",/contests/5366868/box_score,5366868,0,NA,NA
10/19/2024,Ouachita Baptist,17,Harding Bisons,13,"7,322",/contests/5366870/box_score,5366870,0,NA,NA
10/19/2024,Allen,27,Benedict,34,412,/contests/5366871/box_score,5366871,0,NA,NA
10/24/2024,Frostburg St. Bobcats,25,Wheeling,26,"1,276",/contests/5366872/box_score,5366872,0,NA,NA
10/26/2024,Ohio Dominican Panthers,16,Walsh,7,"1,173",/contests/5366877/box_score,5366877,0,NA,NA
10/26/2024,Western N.M.,34,Eastern N.M. Greyhounds,41,458,/contests/5366879/box_score,5366879,0,NA,NA
10/26/2024,UNC Pembroke Braves,62,West Virginia St.,17,"5,382",/contests/5366883/box_score,5366883,0,NA,NA
10/25/2024,Charleston  Golden Eagles,50,Fairmont St.,30,"1,229",/contests/5366884/box_score,5366884,0,NA,NA
10/26/2024,Glenville St. Pioneers,37,West Liberty,14,750,/contests/5366885/box_score,5366885,0,NA,NA
10/26/2024,MSU Moorhead Dragons,38,Southwest Minn. St.,6,"1,234",/contests/5366893/box_score,5366893,0,NA,NA
10/26/2024,Wayne St. (NE),13,Sioux Falls Cougars,23,"1,637",/contests/5366901/box_score,5366901,0,NA,NA
10/26/2024,Colo. Sch. of Mines Orediggers,28,Western Colo.,38,"7,813",/contests/5366902/box_score,5366902,0,NA,NA
10/26/2024,Thomas More,17,Findlay Oilers,34,"1,222",/contests/5366906/box_score,5366906,0,NA,NA
10/26/2024,Ky. Wesleyan,7,Hillsdale Chargers,41,650,/contests/5366907/box_score,5366907,0,NA,NA
10/26/2024,Assumption Greyhounds,19,New Haven,14,"1,764",/contests/5366908/box_score,5366908,0,NA,NA
10/26/2024,Tiffin,63,Lake Erie Storm,10,"2,119",/contests/5366913/box_score,5366913,0,NA,NA
10/26/2024,Michigan Tech Huskies,39,Northern Mich.,9,"1,984",/contests/5366916/box_score,5366916,0,NA,NA
10/26/2024,Edinboro Fighting Scots,21,Gannon,25,"1,246",/contests/5366917/box_score,5366917,0,NA,NA
10/26/2024,California  Vulcans,16,Indiana (PA),13,"3,114",/contests/5366918/box_score,5366918,0,NA,NA
10/26/2024,Minn. Duluth Bulldogs,35,Minot St.,21,"1,535",/contests/5366921/box_score,5366921,0,NA,NA
10/26/2024,Upper Iowa,13,UIndy Greyhounds,40,"1,856",/contests/5366923/box_score,5366923,0,NA,NA
10/26/2024,Concordia-St. Paul Golden Bears,34,Northern St.,35,"1,163",/contests/5366925/box_score,5366925,0,NA,NA
10/26/2024,East Stroudsburg Warriors,38,Lock Haven,35,"2,789",/contests/5366936/box_score,5366936,0,NA,NA
10/26/2024,Henderson St.,42,Ark.-Monticello Boll Weevils,7,"3,218",/contests/5366937/box_score,5366937,0,NA,NA
10/26/2024,Elizabeth City St. Vikings,20,Lincoln (PA),21,"3,272",/contests/5366938/box_score,5366938,0,NA,NA
10/26/2024,Wayne St. (MI),10,Saginaw Valley Cardinals,37,"2,726",/contests/5366941/box_score,5366941,0,NA,NA
10/26/2024,Southern Conn. St.,24,Franklin Pierce Ravens,35,"1,018",/contests/5366942/box_score,5366942,0,NA,NA
10/26/2024,Lenoir-Rhyne Bears,21,Limestone,19,"6,104",/contests/5366950/box_score,5366950,0,NA,NA
10/26/2024,Central St.  Marauders,14,Tuskegee,30,"1,103",/contests/5366955/box_score,5366955,0,NA,NA
10/26/2024,Fort Hays St. Tigers,53,Mo. Southern St.,9,"2,675",/contests/5366956/box_score,5366956,0,NA,NA
10/26/2024,Missouri S&T,63,Lincoln  Blue Tigers,21,"2,822",/contests/5366957/box_score,5366957,0,NA,NA
10/26/2024,Southwest Baptist Bearcats,27,William Jewell,28,"1,230",/contests/5366963/box_score,5366963,0,NA,NA
10/26/2024,Minnesota St.,16,Augustana  Vikings,34,"6,726",/contests/5366976/box_score,5366976,0,NA,NA
10/19/2024,Delta St. Statesmen,21,West Ala.,6,"1,783",/contests/5366977/box_score,5366977,0,NA,NA
10/26/2024,Tusculum,30,Anderson  Trojans,28,"1,119",/contests/5366984/box_score,5366984,0,NA,NA
10/26/2024,Emory & Henry,17,Carson-Newman Eagles,10,"5,118",/contests/5366985/box_score,5366985,0,NA,NA
10/26/2024,Ashland Eagles,9,Northwood,7,"2,311",/contests/5366987/box_score,5366987,0,NA,NA
10/26/2024,Pace,7,American Int'l Yellow Jackets,14,"2,147",/contests/5366988/box_score,5366988,0,NA,NA
10/26/2024,Kentucky St.,23,Allen,20,563,/contests/5366990/box_score,5366990,0,NA,NA
10/26/2024,Winona St.,31,Bemidji St. Beavers,28,"1,971",/contests/5366995/box_score,5366995,0,NA,NA
10/26/2024,Winston-Salem,15,Johnson C. Smith Golden Bulls,24,"8,460",/contests/5367001/box_score,5367001,0,NA,NA
10/26/2024,Roosevelt,14,Davenport Panthers,19,692,/contests/5367002/box_score,5367002,0,NA,NA
10/26/2024,Post,28,Bentley Falcons,61,150,/contests/5367004/box_score,5367004,0,NA,NA
10/26/2024,Bowie St. Bulldogs,28,Virginia Union,56,"2,583",/contests/5367005/box_score,5367005,0,NA,NA
10/26/2024,Western Ore.,14,Tex. A&M-Kingsville Javelinas,21,"1,257",/contests/5367023/box_score,5367023,0,NA,NA
10/26/2024,Central Mo. Mules,31,Washburn,28,"9,242",/contests/5367030/box_score,5367030,0,NA,NA
10/19/2024,Mars Hill Lions,30,Tusculum,3,"2,675",/contests/5367036/box_score,5367036,0,NA,NA
10/26/2024,Albany St.  Golden Rams,42,Edward Waters,34,500,/contests/5367037/box_score,5367037,0,NA,NA
10/26/2024,Kutztown Golden Bears,24,Shepherd,0,"4,166",/contests/5367041/box_score,5367041,0,NA,NA
10/26/2024,Southern Nazarene,30,East Central Tigers,31,"2,144",/contests/5367043/box_score,5367043,0,NA,NA
10/26/2024,Bloomsburg Huskies,20,Shippensburg,10,"1,268",/contests/5367048/box_score,5367048,0,NA,NA
10/26/2024,Fort Lewis,0,Colorado Mesa Mavericks,49,"2,126",/contests/5367051/box_score,5367051,0,NA,NA
10/26/2024,West Va. Wesleyan,31,Concord Mountain Lions,33,400,/contests/5367053/box_score,5367053,0,NA,NA
10/26/2024,West Chester,41,Millersville Marauders,23,"6,067",/contests/5367054/box_score,5367054,0,NA,NA
10/26/2024,Truman St.,21,McKendree Bearcats,28,"3,951",/contests/5367057/box_score,5367057,0,NA,NA
10/26/2024,Central Okla. Bronchos,21,Pittsburg St.,35,"9,085",/contests/5367058/box_score,5367058,0,NA,NA
10/26/2024,Northwestern Okla. Rangers,30,Okla. Baptist,28,"3,789",/contests/5367061/box_score,5367061,0,NA,NA
10/26/2024,Southwestern Okla.,15,Southeastern Okla. Savage Storm,30,"4,173",/contests/5367062/box_score,5367062,0,NA,NA
10/26/2024,Arkansas Tech Wonder Boys,7,Ouachita Baptist,38,"2,871",/contests/5367064/box_score,5367064,0,NA,NA
10/26/2024,Benedict Tigers,14,Miles,26,"6,800",/contests/5367068/box_score,5367068,0,NA,NA
10/26/2024,Morehouse,20,Fort Valley St. Wildcats,42,"11,687",/contests/5367069/box_score,5367069,0,NA,NA
10/26/2024,West Ala.,38,Chowan Hawks,0,"1,584",/contests/5367071/box_score,5367071,0,NA,NA
10/26/2024,Fayetteville St. Broncos,35,Shaw,38,"5,111",/contests/5367075/box_score,5367075,0,NA,NA
10/26/2024,Grand Valley St.,7,Ferris St. Bulldogs,34,"16,332",/contests/5367081/box_score,5367081,0,NA,NA
10/26/2024,Wingate,24,Catawba Catawba Indians,15,"3,287",/contests/5367082/box_score,5367082,0,NA,NA
10/26/2024,Harding Bisons,49,Southern Ark.,17,"5,400",/contests/5367086/box_score,5367086,0,NA,NA
10/26/2024,Savannah St.,27,Lane Dragons,28,"8,730",/contests/5367088/box_score,5367088,0,NA,NA
10/19/2024,West Ga.,41,Shorter Hawks,13,"5,327",/contests/5367089/box_score,5367089,0,NA,NA
10/26/2024,Newberry,41,Barton Bulldogs,25,"2,000",/contests/5367095/box_score,5367095,0,NA,NA
10/26/2024,Seton Hill,31,Clarion Golden Eagles,16,"1,250",/contests/5367096/box_score,5367096,0,NA,NA
10/26/2024,Black Hills St. Yellow Jackets,21,Chadron St.,18,"3,142",/contests/5367097/box_score,5367097,0,NA,NA
10/19/2024,North Greenville,52,Erskine The Flying Fleet,35,"1,850",/contests/5367102/box_score,5367102,0,NA,NA
10/26/2024,N.M. Highlands,44,Adams St. Grizzlies,27,"2,083",/contests/5367104/box_score,5367104,0,NA,NA
10/26/2024,Central Wash. Wildcats,42,Midwestern St.,21,"6,002",/contests/5367107/box_score,5367107,0,NA,NA
10/26/2024,Bluefield St. Big Blue,6,Virginia St.,45,"1,221",/contests/5367109/box_score,5367109,0,NA,NA
10/26/2024,Northeastern St. RiverHawks,48,Lincoln (CA),0,"4,976",/contests/5367111/box_score,5367111,0,NA,NA
10/26/2024,Angelo St. Rams,57,Sul Ross St.,10,"5,349",/contests/5367113/box_score,5367113,0,NA,NA
10/26/2024,West Tex. A&M,7,Tex. Permian Basin Falcons,21,"6,131",/contests/5367118/box_score,5367118,0,NA,NA
10/31/2024,Clarion Golden Eagles,22,Slippery Rock,38,"1,073",/contests/5367121/box_score,5367121,0,NA,NA
10/31/2024,Ouachita Baptist Tigers,17,Southern Nazarene,18,"1,581",/contests/5367122/box_score,5367122,0,NA,NA
10/31/2024,Harding Bisons,56,Southeastern Okla.,14,"1,900",/contests/5367124/box_score,5367124,0,NA,NA
11/02/2024,Franklin Pierce Ravens,28,St. Anselm,42,386,/contests/5367128/box_score,5367128,0,NA,NA
11/01/2024,American Int'l Yellow Jackets,27,Assumption,24,"1,642",/contests/5367134/box_score,5367134,0,NA,NA
11/02/2024,UNC Pembroke Braves,79,West Va. Wesleyan,20,"2,213",/contests/5367139/box_score,5367139,0,NA,NA
11/02/2024,West Liberty,0,Charleston  Golden Eagles,38,"1,402",/contests/5367141/box_score,5367141,0,NA,NA
11/02/2024,Southwest Minn. St.,6,Mary Marauders,15,750,/contests/5367144/box_score,5367144,0,NA,NA
10/26/2024,West Florida,35,Shorter Hawks,16,"3,779",/contests/5367153/box_score,5367153,0,NA,NA
11/02/2024,N.M. Highlands,21,Colo. Sch. of Mines Orediggers,56,"1,989",/contests/5367159/box_score,5367159,0,NA,NA
11/02/2024,Findlay Oilers,28,Walsh,17,497,/contests/5367161/box_score,5367161,0,NA,NA
11/02/2024,Gannon Golden Knights,7,Indiana (PA),35,709,/contests/5367167/box_score,5367167,0,NA,NA
11/02/2024,Millersville,17,Kutztown Golden Bears,49,"1,820",/contests/5367170/box_score,5367170,0,NA,NA
11/02/2024,West Chester,27,Lock Haven Bald Eagles,16,"2,090",/contests/5367172/box_score,5367172,0,NA,NA
11/02/2024,Shepherd,21,Bloomsburg Huskies,27,"5,422",/contests/5367173/box_score,5367173,0,NA,NA
11/02/2024,Edinboro Fighting Scots,24,Seton Hill,22,"1,238",/contests/5367174/box_score,5367174,0,NA,NA
11/02/2024,Chadron St. Eagles,17,South Dakota Mines,24,"1,081",/contests/5367175/box_score,5367175,0,NA,NA
11/02/2024,Roosevelt,7,Michigan Tech Huskies,20,856,/contests/5367176/box_score,5367176,0,NA,NA
11/02/2024,Truman St.,52,Lincoln  Blue Tigers,7,"1,200",/contests/5367179/box_score,5367179,0,NA,NA
11/02/2024,Fairmont St.,34,Concord Mountain Lions,19,615,/contests/5367186/box_score,5367186,0,NA,NA
11/02/2024,Elizabeth City St.,6,Bowie St. Bulldogs,48,"1,612",/contests/5367189/box_score,5367189,0,NA,NA
11/02/2024,Mars Hill,31,Emory & Henry Wasps,23,"3,575",/contests/5367193/box_score,5367193,0,NA,NA
11/02/2024,Northwood Timberwolves,37,Ohio Dominican,10,"1,306",/contests/5367200/box_score,5367200,0,NA,NA
11/02/2024,Lenoir-Rhyne Bears,10,Wingate,14,"6,897",/contests/5367201/box_score,5367201,0,NA,NA
11/02/2024,Hillsdale Chargers,38,Thomas More,17,"1,924",/contests/5367203/box_score,5367203,0,NA,NA
11/02/2024,Missouri S&T,20,McKendree Bearcats,27,"2,664",/contests/5367207/box_score,5367207,0,NA,NA
11/02/2024,Clark Atlanta Panthers,36,Tuskegee,28,"5,836",/contests/5367217/box_score,5367217,0,NA,NA
11/02/2024,Colorado Mesa,23,Black Hills St. Yellow Jackets,13,"2,873",/contests/5367223/box_score,5367223,0,NA,NA
11/02/2024,Southern Conn. St.,35,Pace Setters,30,"1,347",/contests/5367225/box_score,5367225,0,NA,NA
11/02/2024,Shippensburg,0,East Stroudsburg Warriors,45,"1,491",/contests/5367228/box_score,5367228,0,NA,NA
11/02/2024,Saginaw Valley,24,Davenport Panthers,14,"4,339",/contests/5367231/box_score,5367231,0,NA,NA
11/02/2024,Bemidji St. Beavers,37,Wayne St. (NE),20,"1,772",/contests/5367232/box_score,5367232,0,NA,NA
11/02/2024,Ky. Wesleyan Panthers,14,Tiffin,54,750,/contests/5367236/box_score,5367236,0,NA,NA
11/02/2024,Winona St.,38,Minn. Duluth Bulldogs,42,"2,021",/contests/5367243/box_score,5367243,0,NA,NA
11/02/2024,Northern Mich.,9,Ferris St. Bulldogs,55,"1,873",/contests/5367250/box_score,5367250,0,NA,NA
11/02/2024,Augustana  Vikings,28,Concordia-St. Paul,7,"2,314",/contests/5367251/box_score,5367251,0,NA,NA
11/02/2024,Western Colo.,34,CSU Pueblo ThunderWolves,44,"1,258",/contests/5367252/box_score,5367252,0,NA,NA
11/02/2024,New Haven Chargers,51,Post,7,"2,342",/contests/5367253/box_score,5367253,0,NA,NA
11/02/2024,Virginia Union,91,Bluefield St. Big Blue,0,"14,997",/contests/5367257/box_score,5367257,0,NA,NA
11/02/2024,Shaw,24,Livingstone Blue Bears,17,"2,057",/contests/5367258/box_score,5367258,0,NA,NA
11/02/2024,Johnson C. Smith,0,Fayetteville St. Broncos,27,"3,220",/contests/5367259/box_score,5367259,0,NA,NA
11/02/2024,Sul Ross St.,33,Eastern N.M. Greyhounds,28,187,/contests/5367260/box_score,5367260,0,NA,NA
11/02/2024,Minot St.,38,MSU Moorhead Dragons,42,"1,000",/contests/5367261/box_score,5367261,0,NA,NA
10/19/2024,Quincy Hawks,21,Truman St.,28,"3,215",/contests/5367262/box_score,5367262,0,NA,NA
11/02/2024,Emporia St. Hornets,7,Fort Hays St.,36,"2,079",/contests/5367263/box_score,5367263,0,NA,NA
11/02/2024,Washburn,13,"Neb.-Kearney Antelopes, Lopers",14,"2,950",/contests/5367264/box_score,5367264,0,NA,NA
11/02/2024,Fort Valley St.,44,Benedict Tigers,20,"2,666",/contests/5367277/box_score,5367277,0,NA,NA
11/02/2024,Wheeling,21,Glenville St. Pioneers,28,500,/contests/5367290/box_score,5367290,0,NA,NA
10/26/2024,Mississippi Col.,42,Erskine The Flying Fleet,7,"4,576",/contests/5367291/box_score,5367291,0,NA,NA
11/02/2024,Lincoln  Lions,0,Virginia St.,55,750,/contests/5367292/box_score,5367292,0,NA,NA
11/02/2024,West Ala.,17,North Greenville Crusaders,14,915,/contests/5367293/box_score,5367293,0,NA,NA
11/02/2024,West Virginia St.,38,Frostburg St. Bobcats,24,"3,172",/contests/5367295/box_score,5367295,0,NA,NA
11/02/2024,Lake Erie,14,Ashland Eagles,41,664,/contests/5367298/box_score,5367298,0,NA,NA
11/02/2024,Northwest Mo. St.,44,Northeastern St. RiverHawks,26,"1,870",/contests/5367302/box_score,5367302,0,NA,NA
11/02/2024,UVA Wise,35,Tusculum Pioneers,27,"1,425",/contests/5367310/box_score,5367310,0,NA,NA
11/02/2024,Pittsburg St.,13,Central Mo. Mules,37,"7,898",/contests/5367314/box_score,5367314,0,NA,NA
11/02/2024,Barton Bulldogs,49,Catawba,35,"3,145",/contests/5367317/box_score,5367317,0,NA,NA
11/02/2024,Northern St.,14,Minnesota St. Mavericks,24,"4,676",/contests/5367325/box_score,5367325,0,NA,NA
11/02/2024,Missouri Western,34,Central Okla. Bronchos,37,"1,897",/contests/5367326/box_score,5367326,0,NA,NA
11/02/2024,Northwestern Okla.,10,Henderson St. Reddies,44,"2,348",/contests/5367329/box_score,5367329,0,NA,NA
11/02/2024,Southwestern Okla.,14,Southern Ark. Muleriders,48,357,/contests/5367330/box_score,5367330,0,NA,NA
11/02/2024,Ark.-Monticello Boll Weevils,24,Okla. Baptist,20,"1,621",/contests/5367331/box_score,5367331,0,NA,NA
11/02/2024,Arkansas Tech Wonder Boys,13,East Central,23,"2,519",/contests/5367332/box_score,5367332,0,NA,NA
11/02/2024,Lane,23,Edward Waters Tigers,37,0,/contests/5367336/box_score,5367336,0,NA,NA
11/02/2024,Allen,41,Central St. (OH),3,403,/contests/5367337/box_score,5367337,0,NA,NA
11/02/2024,Valdosta St.,52,Chowan Hawks,0,"2,063",/contests/5367340/box_score,5367340,0,NA,NA
11/02/2024,Carson-Newman,28,Anderson  Trojans,7,"5,112",/contests/5367342/box_score,5367342,0,NA,NA
11/02/2024,Grand Valley St. Lakers,51,Wayne St. (MI),28,"10,377",/contests/5367344/box_score,5367344,0,NA,NA
11/02/2024,Savannah St.,28,Albany St.  Golden Rams,26,"3,420",/contests/5367350/box_score,5367350,0,NA,NA
11/02/2024,Newberry,14,Limestone Saints,35,"4,000",/contests/5367353/box_score,5367353,0,NA,NA
11/02/2024,Miles Golden Bears,37,Morehouse,3,"2,181",/contests/5367356/box_score,5367356,0,NA,NA
11/02/2024,Adams St. Grizzlies,17,Fort Lewis,27,0,/contests/5367362/box_score,5367362,0,NA,NA
11/02/2024,Angelo St. Rams,17,Central Wash.,16,"3,389",/contests/5367363/box_score,5367363,0,NA,NA
11/02/2024,UIndy,58,Southwest Baptist Bearcats,3,"1,929",/contests/5367364/box_score,5367364,0,NA,NA
11/02/2024,Midwestern St. Mustangs,16,Western Ore.,21,"1,287",/contests/5367367/box_score,5367367,0,NA,NA
11/02/2024,Tex. A&M-Kingsville Javelinas,14,West Tex. A&M,21,"3,600",/contests/5367368/box_score,5367368,0,NA,NA
11/09/2024,Franklin Pierce,26,Bentley Falcons,34,346,/contests/5367374/box_score,5367374,0,NA,NA
11/09/2024,Findlay Oilers,27,Northwood,17,685,/contests/5367375/box_score,5367375,0,NA,NA
11/09/2024,Anderson  Trojans,16,Mars Hill,31,"4,651",/contests/5367376/box_score,5367376,0,NA,NA
11/09/2024,Glenville St. Pioneers,40,West Virginia St.,14,"1,250",/contests/5367382/box_score,5367382,0,NA,NA
11/09/2024,Southwest Minn. St. Mustangs,15,Winona St.,37,550,/contests/5367383/box_score,5367383,0,NA,NA
11/09/2024,Eastern N.M. Greyhounds,14,Tex. Permian Basin,64,"2,208",/contests/5367386/box_score,5367386,0,NA,NA
11/09/2024,MSU Moorhead,14,Bemidji St. Beavers,25,895,/contests/5367398/box_score,5367398,0,NA,NA
11/02/2024,Shorter Hawks,55,Virginia-Lynchburg,0,"1,102",/contests/5367399/box_score,5367399,0,NA,NA
11/09/2024,Kutztown Golden Bears,31,West Chester,13,"3,841",/contests/5367402/box_score,5367402,0,NA,NA
11/09/2024,Wayne St. (NE),21,Northern St. Wolves,28,"1,183",/contests/5367411/box_score,5367411,0,NA,NA
11/09/2024,Walsh,24,Ashland Eagles,10,"3,524",/contests/5367412/box_score,5367412,0,NA,NA
11/09/2024,Davenport Panthers,52,Northern Mich.,31,"1,203",/contests/5367413/box_score,5367413,0,NA,NA
11/09/2024,Limestone,40,Barton Bulldogs,26,997,/contests/5367414/box_score,5367414,0,NA,NA
11/09/2024,Minnesota St.,49,Mary Marauders,21,"1,921",/contests/5367417/box_score,5367417,0,NA,NA
11/09/2024,Fort Lewis Skyhawks,44,N.M. Highlands,22,"1,525",/contests/5367419/box_score,5367419,0,NA,NA
11/09/2024,Clarion Golden Eagles,28,Gannon,34,"1,044",/contests/5367423/box_score,5367423,0,NA,NA
11/09/2024,Michigan Tech,0,Grand Valley St. Lakers,20,"1,294",/contests/5367428/box_score,5367428,0,NA,NA
11/09/2024,California  Vulcans,28,Edinboro,14,"2,312",/contests/5367429/box_score,5367429,0,NA,NA
11/09/2024,Concordia-St. Paul Golden Bears,7,Minn. Duluth,35,"2,158",/contests/5367432/box_score,5367432,0,NA,NA
11/09/2024,Lincoln (MO),28,Lane Dragons,41,575,/contests/5367433/box_score,5367433,0,NA,NA
11/09/2024,Mississippi Col. Choctaws,35,Northeastern St.,7,"2,189",/contests/5367443/box_score,5367443,0,NA,NA
11/09/2024,Fairmont St. Falcons,36,West Liberty,35,874,/contests/5367445/box_score,5367445,0,NA,NA
11/09/2024,South Dakota Mines,17,Colorado Mesa Mavericks,14,"1,816",/contests/5367446/box_score,5367446,0,NA,NA
11/09/2024,Virginia St. Trojans,35,Virginia Union,28,"2,907",/contests/5367448/box_score,5367448,0,NA,NA
11/09/2024,Henderson St. Reddies,35,Southwestern Okla.,17,"1,109",/contests/5367449/box_score,5367449,0,NA,NA
11/09/2024,Wayne St. (MI),38,Roosevelt  Lakers,14,"1,323",/contests/5367452/box_score,5367452,0,NA,NA
11/09/2024,Hillsdale Chargers,20,Tiffin,17,"1,456",/contests/5367467/box_score,5367467,0,NA,NA
11/09/2024,Central St.  Marauders,14,Kentucky St.,24,488,/contests/5367470/box_score,5367470,0,NA,NA
10/26/2024,North Greenville,47,Delta St. Statesmen,45,"3,247",/contests/5367475/box_score,5367475,0,NA,NA
11/09/2024,Bluefield St. Big Blue,21,Elizabeth City St.,27,1,/contests/5367476/box_score,5367476,0,NA,NA
11/02/2024,Quincy Hawks,24,William Jewell,20,"2,436",/contests/5367478/box_score,5367478,0,NA,NA
11/09/2024,McKendree Bearcats,24,Upper Iowa,28,"3,005",/contests/5367483/box_score,5367483,0,NA,NA
11/09/2024,Lock Haven Bald Eagles,42,Shippensburg,21,"2,397",/contests/5367489/box_score,5367489,0,NA,NA
11/09/2024,Tusculum,14,Carson-Newman Eagles,56,"2,890",/contests/5367499/box_score,5367499,0,NA,NA
11/09/2024,Emory & Henry Wasps,62,UVA Wise,14,"5,986",/contests/5367500/box_score,5367500,0,NA,NA
11/09/2024,Pace,7,Assumption Greyhounds,14,0,/contests/5367501/box_score,5367501,0,NA,NA
11/09/2024,West Va. Wesleyan,21,Charleston  Golden Eagles,69,400,/contests/5367505/box_score,5367505,0,NA,NA
11/09/2024,Concord Mountain Lions,30,Wheeling,50,"1,590",/contests/5367510/box_score,5367510,0,NA,NA
11/09/2024,Ferris St. Bulldogs,27,Saginaw Valley,24,"2,856",/contests/5367515/box_score,5367515,0,NA,NA
11/09/2024,East Stroudsburg Warriors,28,Shepherd,7,"2,459",/contests/5367516/box_score,5367516,0,NA,NA
11/09/2024,Slippery Rock,38,Seton Hill Griffins,20,"6,104",/contests/5367517/box_score,5367517,0,NA,NA
11/09/2024,Augustana  Vikings,27,Sioux Falls,21,"4,220",/contests/5367518/box_score,5367518,0,NA,NA
11/09/2024,CSU Pueblo ThunderWolves,28,Colo. Sch. of Mines,13,"6,091",/contests/5367519/box_score,5367519,0,NA,NA
11/09/2024,Black Hills St.,45,Adams St. Grizzlies,3,531,/contests/5367520/box_score,5367520,0,NA,NA
11/09/2024,Western Colo.,21,Chadron St. Eagles,17,962,/contests/5367521/box_score,5367521,0,NA,NA
11/09/2024,Winston-Salem,37,Fayetteville St. Broncos,31,"12,000",/contests/5367523/box_score,5367523,0,NA,NA
11/09/2024,Post,27,American Int'l Yellow Jackets,28,300,/contests/5367524/box_score,5367524,0,NA,NA
11/09/2024,Bowie St. Bulldogs,45,Lincoln (PA),7,615,/contests/5367525/box_score,5367525,0,NA,NA
11/09/2024,Western N.M.,20,Tex. A&M-Kingsville Javelinas,28,402,/contests/5367526/box_score,5367526,0,NA,NA
11/09/2024,Emporia St.,36,Central Mo. Mules,45,"4,072",/contests/5367532/box_score,5367532,0,NA,NA
11/09/2024,Washburn,27,Central Okla. Bronchos,28,"3,975",/contests/5367533/box_score,5367533,0,NA,NA
11/09/2024,UNC Pembroke,58,Frostburg St. Bobcats,17,"3,780",/contests/5367543/box_score,5367543,0,NA,NA
11/09/2024,Tuskegee,7,Miles Golden Bears,37,"47,311",/contests/5367546/box_score,5367546,0,NA,NA
11/09/2024,Morehouse,17,Clark Atlanta Panthers,21,"8,968",/contests/5367548/box_score,5367548,0,NA,NA
11/09/2024,Chowan Hawks,21,Erskine,3,400,/contests/5367560/box_score,5367560,0,NA,NA
11/09/2024,West Florida,35,North Greenville Crusaders,14,"4,743",/contests/5367561/box_score,5367561,0,NA,NA
11/09/2024,Lake Erie Storm,21,Ohio Dominican,38,208,/contests/5367564/box_score,5367564,0,NA,NA
11/09/2024,St. Anselm,11,New Haven Chargers,14,"1,071",/contests/5367565/box_score,5367565,0,NA,NA
11/09/2024,Western Ore.,16,Angelo St. Rams,38,"2,149",/contests/5367566/box_score,5367566,0,NA,NA
11/02/2024,Newberry Wolves,14,Limestone,35,"4,000",/contests/5367573/box_score,5367573,0,NA,NA
11/09/2024,Edward Waters,33,Allen,28,0,/contests/5367578/box_score,5367578,0,NA,NA
11/09/2024,Okla. Baptist Bison,0,Ouachita Baptist,55,"2,226",/contests/5367579/box_score,5367579,0,NA,NA
11/09/2024,Southern Nazarene,24,Ark.-Monticello Boll Weevils,21,"2,561",/contests/5367583/box_score,5367583,0,NA,NA
11/09/2024,Bloomsburg Huskies,35,Millersville,27,"1,842",/contests/5367588/box_score,5367588,0,NA,NA
11/09/2024,Thomas More,47,Ky. Wesleyan Panthers,12,"1,932",/contests/5367590/box_score,5367590,0,NA,NA
11/09/2024,Livingstone,15,Johnson C. Smith Golden Bulls,10,"4,510",/contests/5367592/box_score,5367592,0,NA,NA
11/09/2024,UIndy,55,Missouri S&T Miners,10,"2,512",/contests/5367594/box_score,5367594,0,NA,NA
11/09/2024,Mo. Southern St. Lions,24,Neb.-Kearney,13,"1,578",/contests/5367595/box_score,5367595,0,NA,NA
11/09/2024,Missouri Western Griffons,23,Northwest Mo. St.,33,"3,119",/contests/5367596/box_score,5367596,0,NA,NA
11/09/2024,Southeastern Okla.,0,Arkansas Tech Wonder Boys,6,"2,144",/contests/5367597/box_score,5367597,0,NA,NA
11/09/2024,Southern Ark.,78,Northwestern Okla. Rangers,0,"3,343",/contests/5367598/box_score,5367598,0,NA,NA
11/09/2024,East Central Tigers,7,Harding,34,"1,907",/contests/5367599/box_score,5367599,0,NA,NA
11/09/2024,Benedict Tigers,35,Savannah St.,27,"1,274",/contests/5367605/box_score,5367605,0,NA,NA
11/09/2024,Albany St.  Golden Rams,20,Fort Valley St.,15,"28,675",/contests/5367606/box_score,5367606,0,NA,NA
11/09/2024,William Jewell,0,Truman St. Bulldogs,34,0,/contests/5367609/box_score,5367609,0,NA,NA
11/09/2024,Central Wash. Wildcats,66,Sul Ross St.,0,"4,457",/contests/5367616/box_score,5367616,0,NA,NA
11/09/2024,Catawba Catawba Indians,14,Lenoir-Rhyne,33,"2,300",/contests/5367617/box_score,5367617,0,NA,NA
11/09/2024,West Tex. A&M,17,Midwestern St. Mustangs,12,"3,801",/contests/5367620/box_score,5367620,0,NA,NA
11/16/2024,Indiana  Crimson Hawks,38,Shippensburg,7,"1,572",/contests/5367625/box_score,5367625,0,NA,NA
11/16/2024,Ohio Dominican,6,Hillsdale Chargers,28,"1,132",/contests/5367626/box_score,5367626,0,NA,NA
11/16/2024,Lenoir-Rhyne,27,Anderson  Trojans,24,"4,184",/contests/5367627/box_score,5367627,0,NA,NA
11/16/2024,Missouri Western Griffons,31,Quincy,16,"2,389",/contests/5367633/box_score,5367633,0,NA,NA
11/16/2024,Southwestern Okla.,50,Northwestern Okla. Rangers,0,"2,907",/contests/5367634/box_score,5367634,0,NA,NA
11/16/2024,Wheeling,40,West Liberty Hilltoppers,16,500,/contests/5367637/box_score,5367637,0,NA,NA
11/16/2024,Charleston  Golden Eagles,52,West Virginia St.,17,"1,375",/contests/5367638/box_score,5367638,0,NA,NA
11/16/2024,Assumption Greyhounds,19,Franklin Pierce,21,702,/contests/5367644/box_score,5367644,0,NA,NA
11/16/2024,Bentley Falcons,41,St. Anselm,14,"1,200",/contests/5367647/box_score,5367647,0,NA,NA
11/16/2024,N.M. Highlands,31,Black Hills St. Yellow Jackets,48,"1,031",/contests/5367657/box_score,5367657,0,NA,NA
11/16/2024,Wayne St. (NE),21,Concordia-St. Paul Golden Bears,0,"1,189",/contests/5367660/box_score,5367660,0,NA,NA
11/16/2024,Colo. Sch. of Mines Orediggers,67,Fort Lewis,9,"3,453",/contests/5367661/box_score,5367661,0,NA,NA
11/16/2024,Limestone Saints,31,Mars Hill,26,"3,600",/contests/5367662/box_score,5367662,0,NA,NA
11/16/2024,Gannon Golden Knights,13,Lock Haven,21,571,/contests/5367670/box_score,5367670,0,NA,NA
11/16/2024,Clarion Golden Eagles,19,East Stroudsburg,22,"1,042",/contests/5367675/box_score,5367675,0,NA,NA
11/16/2024,Tiffin,37,Findlay Oilers,14,"3,961",/contests/5367679/box_score,5367679,0,NA,NA
11/16/2024,Edinboro Fighting Scots,21,Millersville,23,"2,168",/contests/5367681/box_score,5367681,0,NA,NA
11/16/2024,Seton Hill Griffins,10,Shepherd,13,550,/contests/5367682/box_score,5367682,0,NA,NA
11/16/2024,California  Vulcans,14,Kutztown,21,"3,411",/contests/5367683/box_score,5367683,0,NA,NA
11/16/2024,Chadron St.,21,CSU Pueblo ThunderWolves,38,"2,000",/contests/5367685/box_score,5367685,0,NA,NA
11/16/2024,Sul Ross St. Lobos  *NCAA Division II Reclassifying Member,7,Tex. Permian Basin,75,200,/contests/5367689/box_score,5367689,0,NA,NA
11/16/2024,Minn. Duluth Bulldogs,30,Minnesota St.,16,"1,643",/contests/5367690/box_score,5367690,0,NA,NA
11/16/2024,Upper Iowa,51,Missouri S&T Miners,7,"1,065",/contests/5367692/box_score,5367692,0,NA,NA
11/16/2024,Mary,3,MSU Moorhead Dragons,52,"1,103",/contests/5367693/box_score,5367693,0,NA,NA
11/16/2024,Truman St.,55,Southwest Baptist Bearcats,3,"1,200",/contests/5367694/box_score,5367694,0,NA,NA
11/16/2024,Lincoln  Blue Tigers,0,UIndy,52,575,/contests/5367695/box_score,5367695,0,NA,NA
11/16/2024,Neb.-Kearney,20,Fort Hays St. Tigers,27,"3,042",/contests/5367711/box_score,5367711,0,NA,NA
11/09/2024,Delta St. Statesmen,20,Valdosta St.,49,"2,517",/contests/5367712/box_score,5367712,0,NA,NA
11/16/2024,Henderson St. Reddies,20,Ouachita Baptist,27,"9,736",/contests/5367714/box_score,5367714,0,NA,NA
11/16/2024,Central Wash. Wildcats,13,Western Ore.,3,"4,997",/contests/5367716/box_score,5367716,0,NA,NA
11/16/2024,Wayne St. (MI),30,Northern Mich. Wildcats,14,"1,115",/contests/5367718/box_score,5367718,0,NA,NA
11/16/2024,Northwood Timberwolves,49,Walsh,42,"1,165",/contests/5367730/box_score,5367730,0,NA,NA
11/16/2024,Colorado Mesa Mavericks,7,Western Colo.,37,"4,878",/contests/5367747/box_score,5367747,0,NA,NA
11/16/2024,Newberry,7,Emory & Henry Wasps,27,"1,948",/contests/5367749/box_score,5367749,0,NA,NA
11/16/2024,Central Mo. Mules,62,Mo. Southern St.,47,"6,332",/contests/5367752/box_score,5367752,0,NA,NA
11/16/2024,Northeastern St. RiverHawks,28,Washburn,35,"2,285",/contests/5367754/box_score,5367754,0,NA,NA
11/16/2024,Saginaw Valley,28,Michigan Tech Huskies,32,"2,968",/contests/5367756/box_score,5367756,0,NA,NA
11/16/2024,Bemidji St.,17,Augustana  Vikings,10,"1,103",/contests/5367757/box_score,5367757,0,NA,NA
11/16/2024,North Greenville,31,Chowan Hawks,27,"1,625",/contests/5367758/box_score,5367758,0,NA,NA
11/16/2024,Adams St. Grizzlies,6,South Dakota Mines,44,300,/contests/5367759/box_score,5367759,0,NA,NA
11/16/2024,Ashland Eagles,44,Ky. Wesleyan,30,"1,973",/contests/5367761/box_score,5367761,0,NA,NA
11/16/2024,American Int'l Yellow Jackets,21,Southern Conn. St.,50,"1,263",/contests/5367762/box_score,5367762,0,NA,NA
11/16/2024,West Va. Wesleyan,23,Glenville St. Pioneers,42,400,/contests/5367765/box_score,5367765,0,NA,NA
11/16/2024,Concord Mountain Lions,7,UNC Pembroke,63,931,/contests/5367767/box_score,5367767,0,NA,NA
11/16/2024,Ferris St.,24,Davenport Panthers,9,"2,149",/contests/5367770/box_score,5367770,0,NA,NA
11/16/2024,Slippery Rock,27,Bloomsburg Huskies,7,"4,101",/contests/5367771/box_score,5367771,0,NA,NA
11/16/2024,New Haven Chargers,41,Pace,14,"2,111",/contests/5367772/box_score,5367772,0,NA,NA
11/16/2024,Midwestern St. Mustangs,52,Western N.M.,24,"3,188",/contests/5367774/box_score,5367774,0,NA,NA
11/16/2024,Roosevelt,21,Grand Valley St. Lakers,34,986,/contests/5367775/box_score,5367775,0,NA,NA
11/16/2024,Sioux Falls Cougars,41,Southwest Minn. St.,14,"1,056",/contests/5367779/box_score,5367779,0,NA,NA
11/16/2024,Minot St. Beavers,56,Winona St.,23,"1,007",/contests/5367780/box_score,5367780,0,NA,NA
11/16/2024,Central Okla. Bronchos,55,Emporia St.,38,"8,295",/contests/5367782/box_score,5367782,0,NA,NA
11/16/2024,Frostburg St.,28,Fairmont St. Falcons,31,"1,650",/contests/5367785/box_score,5367785,0,NA,NA
11/09/2024,Chowan,21,Erskine The Flying Fleet,3,400,/contests/5367805/box_score,5367805,0,NA,NA
11/16/2024,Lake Erie Storm,25,Thomas More,28,250,/contests/5367806/box_score,5367806,0,NA,NA
11/16/2024,William Jewell,45,McKendree Bearcats,14,400,/contests/5367809/box_score,5367809,0,NA,NA
11/16/2024,Northwest Mo. St. Bearcats,7,Pittsburg St.,23,"3,215",/contests/5367817/box_score,5367817,0,NA,NA
11/16/2024,Wingate,28,Carson-Newman Eagles,13,"3,433",/contests/5367818/box_score,5367818,0,NA,NA
11/16/2024,Okla. Baptist Bison,21,Southern Nazarene,49,"2,215",/contests/5367824/box_score,5367824,0,NA,NA
11/16/2024,Barton Bulldogs,21,UVA Wise,24,"2,725",/contests/5367827/box_score,5367827,0,NA,NA
11/16/2024,Harding,57,Arkansas Tech Wonder Boys,27,"2,100",/contests/5367832/box_score,5367832,0,NA,NA
11/16/2024,Ark.-Monticello Boll Weevils,22,Southern Ark.,54,"1,792",/contests/5367833/box_score,5367833,0,NA,NA
11/16/2024,East Central Tigers,20,Southeastern Okla.,13,"3,848",/contests/5367836/box_score,5367836,0,NA,NA
11/16/2024,Catawba Catawba Indians,47,Tusculum,15,"1,607",/contests/5367848/box_score,5367848,0,NA,NA
11/16/2024,Angelo St. Rams,56,West Tex. A&M,19,"5,445",/contests/5367849/box_score,5367849,0,NA,NA
11/09/2024,Delta St.,20,Valdosta St. Blazers,49,"2,517",/contests/5367851/box_score,5367851,0,NA,NA
11/16/2024,Tex. A&M-Kingsville,28,Eastern N.M. Greyhounds,13,"4,300",/contests/5367852/box_score,5367852,0,NA,NA
11/28/2024,Alabama St.,34,Tuskegee Golden Tigers,6,"21,567",/contests/5367913/box_score,5367913,0,NA,NA
09/28/2024,Lane,28,Clark Atlanta Panthers,38,923,/contests/5736131/box_score,5736131,0,NA,NA
10/05/2024,Tuskegee,42,Morehouse Maroon Tigers,0,"6,235",/contests/5763070/box_score,5763070,0,NA,NA
10/25/2024,Neb.-Kearney,35,Emporia St. Hornets,42,"3,064",/contests/5810459/box_score,5810459,0,NA,NA
11/16/2024,Virginia Union,17,Virginia St. Trojans,13,"5,111",/contests/5834523/box_score,5834523,0,NA,NA
11/14/2024,Kentucky St. Thorobreds,44,Shorter,28,0,/contests/5835126/box_score,5835126,0,NA,NA
11/16/2024,Miles,53,Clark Atlanta Panthers,25,"6,127",/contests/5835209/box_score,5835209,0,NA,NA
12/21/2024, Valdosta St.,14,Ferris St. Bulldogs,49,"3,228",/contests/5835303/box_score,5835303,0,NA,NA
12/14/2024, Valdosta St. ,35,Minnesota St. Mavericks,21,"3,104",/contests/5835304/box_score,5835304,1,1,NA
12/14/2024,Ferris St. Bulldogs,48, Slippery Rock ,38,"2,521",/contests/5835305/box_score,5835305,1,NA,4
12/07/2024,California  Vulcans,13, Slippery Rock ,31,"3,321",/contests/5835306/box_score,5835306,1,NA,4
11/30/2024,Valdosta St. Blazers,33, Miles ,17,"1,871",/contests/5835307/box_score,5835307,1,NA,4
12/07/2024,Ferris St. Bulldogs,41,Harding ,7,"4,120",/contests/5835308/box_score,5835308,1,NA,NA
12/07/2024,Minnesota St. ,27,Bemidji St. Beavers,23,"2,591",/contests/5835309/box_score,5835309,1,NA,NA
11/30/2024,Kutztown Golden Bears,24, Slippery Rock ,25,"2,379",/contests/5835310/box_score,5835310,1,NA,4
11/30/2024, California (PA) ,34,Ashland Eagles,33,814,/contests/5835311/box_score,5835311,1,3,NA
11/30/2024, Valdosta St. ,33,Miles Golden Bears,17,"1,871",/contests/5835312/box_score,5835312,1,1,NA
11/30/2024,Lenoir-Rhyne Bears,12,Virginia Union ,44,"2,446",/contests/5835316/box_score,5835316,1,NA,NA
11/30/2024, Ferris St. ,78,Central Okla. Bronchos,17,"1,245",/contests/5835317/box_score,5835317,1,1,NA
11/30/2024,Grand Valley St. Lakers,26,Harding ,44,"2,844",/contests/5835318/box_score,5835318,1,NA,NA
11/30/2024,CSU Pueblo ThunderWolves,23,Minnesota St. ,26,"2,289",/contests/5835319/box_score,5835319,1,NA,NA
11/30/2024, Western Colo. ,19,Bemidji St. Beavers,20,"1,150",/contests/5835323/box_score,5835323,1,2,NA
11/23/2024, Slippery Rock ,14,New Haven Chargers,7,892,/contests/5835324/box_score,5835324,1,4,NA
11/23/2024, Charleston (WV) ,38,Ashland Eagles,40,"1,028",/contests/5835325/box_score,5835325,1,2,NA
11/23/2024,California  Vulcans,30,East Stroudsburg ,27,"2,112",/contests/5835327/box_score,5835327,1,NA,NA
11/23/2024, Miles ,14,Carson-Newman Eagles,13,"1,726",/contests/5835328/box_score,5835328,1,4,NA
11/23/2024, Wingate ,31,Virginia Union Panthers,34,"2,167",/contests/5835329/box_score,5835329,1,2,NA
11/23/2024, West Ala. ,34,Lenoir-Rhyne Bears,37,"1,116",/contests/5835331/box_score,5835331,1,3,NA
11/23/2024,Central Okla. Bronchos,38,Ouachita Baptist ,31,"3,995",/contests/5835332/box_score,5835332,1,NA,NA
11/23/2024,Grand Valley St. Lakers,24,UIndy ,7,"3,948",/contests/5835333/box_score,5835333,1,NA,NA
11/23/2024, Pittsburg St. ,3,Harding Bisons,48,"4,894",/contests/5835334/box_score,5835334,1,3,NA
11/23/2024,Augustana  Vikings,19,Minnesota St. ,20,"1,333",/contests/5835335/box_score,5835335,1,NA,NA
11/23/2024, Western Colo. ,28,Central Wash. Wildcats,21,"1,789",/contests/5835336/box_score,5835336,1,2,NA
11/23/2024,Angelo St. Rams,14,Bemidji St. ,24,"3,125",/contests/5835337/box_score,5835337,1,NA,NA
12/07/2024,Tex. Permian Basin,37,Central Mo. Mules,39,"3,500",/contests/6058304/box_score,6058304,0,NA,NA
12/07/2024,Truman St.,29,Tiffin Dragons,10,484,/contests/6081010/box_score,6081010,0,NA,NA
09/16/2023,UNC Pembroke,29,Charleston  Golden Eagles,37,"3,972",/contests/6356389/box_score,6356389,0,NA,NA
