number	name	class	position	height	weight	hometown	high_school	team	season
74	Michael Chambers	Sr.	OL	6-4	310	Silver Spring, MD		Chowan	2024
40	Danny Foster	Sr.	LB	6-3	235	Florence, SC		Chowan	2024
38	William Reid	So.	WR	6-0	165	Washington, NC	Washington HS	Chowan	2024
4	Maurice Smith	Fr.	RB	6-3	220	Fort Pierce, FL	Vero Beach	Chowan	2024
6	Jeremiah Wright	Fr.	DB	5-10	180	Round Rock, TX		Chowan	2024
2	Gabrial Jackson	Jr.	TE	6-1	215	Hampton, VA	Kecoughtan HS	Chowan	2024
3	Malachi Howell	Jr.	DL	6-2	250	Monroe, NC		Chowan	2024
1	Jakobe Lane	Jr.	RB	5-9	180	Haines City, FL		Chowan	2024
8	Nyamusa Njoka	Sr.	DB	6-0	190	Burtonsville, MD		Chowan	2024
13	Justin Taylor	Jr.	DB	6-0	180	Goldsboro, NC	Goldsboro HS	Chowan	2024
43	Oreon Ford	Jr.	LB	5-11	213	Clayton, NC		Chowan	2024
55	Jadyn Hammonds-Dickens	Jr.	OL	5-10	290	Polkton, NC		Chowan	2024
48	Matthew Conord	Fr.	K	5-11	170	Lithia, FL	Newsome HS	Chowan	2024
49	Willie Bridgers iV	So.	LS	5-9	205	Wilson, NC		Chowan	2024
60	Isaiah Sharpe	Jr.	OL	6-3	310	Mount Olive, NC		Chowan	2024
71	Knowledge Broadie	Jr.	OL	6-4	315	Dudley, NC		Chowan	2024
81	Keon Adderley	So.	WR	6-3	190	Miami, FL		Chowan	2024
22	Malique Frazier	Sr.	WR	5-11	180	Macon, GA		Chowan	2024
28	Jamison Davis	Fr.	RB	5-11	195	Fort Pierce, FL	Treasure Coast HS	Chowan	2024
32	Ja'Ven Gooch	Jr.	RB	5-10	220	Warner Robins, GA		Chowan	2024
41	Demarcus Carroll	Jr.	DL	6-4	200	Fayetteville, NC	Byrd HS	Chowan	2024
23	Demitray Fields	Jr.	DB	6-1	195	Fort Lauderdale, FL	Fort Lauderdale HS	Chowan	2024
24	Charles Alberty	Jr.	DB	5-10	180	Oakland, CA		Chowan	2024
20	Jalen Razor	Jr.	RB	5-9	187	Tarboro, NC	Tarboro HS	Chowan	2024
25	Komari Clark	Sr.	DB	5-10	188	Franklin, GA		Chowan	2024
26	Jerrel Howard	Jr.	DB	6-0	180	Glen Burnie, MD		Chowan	2024
18	Samuel Tagg	Fr.	LB	6-0	220	Mount Morris, MI		Chowan	2024
83	Greg Williams	Sr.	WR	5-7	170	Fredericksbrg, VA	Janes Monroe HS	Chowan	2024
86	Anthony Key	So.	WR	6-1	190	Richmond, VA	Trinity Episcopal School	Chowan	2024
76	James Simmons	So.	OL	6-3	300	Dinwiddie, VA	Dinwiddie HS	Chowan	2024
42	Cameron Richardson	So.	DL	5-11	215	Wake Forest, NC	Rolesville HS	Chowan	2024
30	Marcus Serrano	Jr.	DB	5-11	185	Philadelphia, PA		Chowan	2024
17	Canii Tucker	Jr.	DB	6-1	175	Ladson, SC	Fort Dortchester HS	Chowan	2024
21	Isaiah Fulton	So.	DB	6-0	170	Orlando, FL	Lake Nona HS	Chowan	2024
46	Landon Bueter	So.	TE	6-3	235	Orlando, FL	Timber Creek HS	Chowan	2024
5	Kennypride Toh	Sr.	LB	6-0	225	Silver Spring, MD		Chowan	2024
0	Romeo Felton	Jr.	RB	5-8	180	Akron, OH		Chowan	2024
64	William Simmons	So.	OL	6-3	270	Dinwiddie, VA	Dinwiddie HS	Chowan	2024
33	Kamari Matthews	Jr.	LB	5-11	220	Hampton, VA	Tabb HS	Chowan	2024
44	Alix Ulysse	So.	LB	6-3	210	Miami, FL	North Miami Beach Senior HS	Chowan	2024
57	Deangelo Woods	Sr.	OL	6-3	300	Pinson, AL		Chowan	2024
72	Omarion Huntley	Jr.	OL	6-6	330	Monroe, NC		Chowan	2024
10	Josef Manley	Fr.	QB	6-1	200	Upper Marlboro, MD	Frederick Douglas HS	Chowan	2024
94	Donovan Williams	So.	DL	6-1	270	Jacksonville, NC	Northside HS	Chowan	2024
99	Darrick Badley	So.	DL	6-4	340	Henrico, VA	Trinity Episcopal School	Chowan	2024
47	Malik Holiday	So.	LB	6-0	215	Warner Robins, GA	Veterans HS	Chowan	2024
34	Joshua Gonleh	Jr.	LB	6-0	210	Crystal, MN		Chowan	2024
35	Omari Kinsler	Fr.	LB	6-4	205	Port St Lucie, FL	Treasure Coast HS	Chowan	2024
77	Major Dillard	So.	OL	6-2	330	Washington, DC	Frederick Douglas HS	Chowan	2024
15	Jonah Kurker	Sr.	DL	6-3	230	West Roxbury, MA		Chowan	2024
78	Noah Horton	Jr.	OL	6-6	350	Roanoke, VA		Chowan	2024
87	Davion Turns Jr.	Fr.	WR	5-11	185	Virginia Beach, VA	Indian River HS	Chowan	2024
88	Amir Alexander	Fr.	WR	6-3	211	Salisbury, NC	North Rowan HS	Chowan	2024
70	William Smothers	Fr.	OL	6-3	330	Sacramento, CA	Fork Union	Chowan	2024
75	Malachi Ford	Jr.	OL	6-3	350	Altoona, PA		Chowan	2024
39	ZiQuiris Ramsey	So.	DB	6-0	180	Mooresville, NC	Mooresville HS	Chowan	2024
31	Booker Peake	Fr.	DB	5-11	190	Goose Creek, SC		Chowan	2024
12	Isaiah Pelham	So.	DB	6-1	190	Vanceboro, NC		Chowan	2024
58	Mazi Wiggins	So.	LB	5-11	210	Williamston, NC	Riverside HS	Chowan	2024
68	Jordan Thomas	Fr.	OL	6-3	280	Port St Lucie, FL	Vero Beach HS	Chowan	2024
50	Jayden Rodriguez	Fr.	DL	5-11	215	Winter Garden, FL	Foundation Academy	Chowan	2024
54	Jordon Williams	Fr.	LB	5-11	215	Long Beach, CA	Cantwell Shaker Hear of Mary HS	Chowan	2024
65	Purnell Richardson	Fr.	OL	6-3	310	Jacksonville, FL	Fork Union	Chowan	2024
79	Andrew Allmond	Jr.	OL	6-8	355	Waldorf, MD	Dematha Catholic	Chowan	2024
82	Antwone Godley	So.	WR	5-11	180	Grimesland, NC		Chowan	2024
84	Jevon Lewis	Fr.	WR	5-9	170	Glen Allen, VA	Hermitage HS	Chowan	2024
97	Wardell Little	Fr.	DB	6-2	180	Grimesland, NC		Chowan	2024
90	Chris Pierre	Fr.	DL	6-0	315	Fort Pierce, FL	Ft. Pierce Westwood HS	Chowan	2024
92	Devyn Ingle	Fr.	DL	6-3	250	Port St Lucie, FL	Ft. Pierce Central HS	Chowan	2024
14	Rodney Green	Fr.	WR	6-3	190	Riviera Beach, FL	Dwyer HS	Chowan	2024
29	Tayshawn Benson	Fr.	DB	5-9	175	Palm Bay, FL	Palm Bay Heritage HS	Chowan	2024
19	Khari Rennie	So.	QB	6-1	220	Orlando, FL	Freedom HS	Chowan	2024
27	Nizaya Hall	So.	RB	5-11	170	Beulaville, NC	East Duplin HS	Chowan	2024
16	Carter Revelle	Fr.	QB	6-4	205	Sanford, NC	Eastern Randolph HS	Chowan	2024
85	Anthony Holloway	Jr.	WR	6-3	180	Arlington, TX		Chowan	2024
37	Michael Whitfield	Fr.	WR	6-3	190	Winterville, NC		Chowan	2024
96	Daheal Harmon	So.	DL	6-3	280	Accomac, VA	Nandua HS	Chowan	2024
91	Otis Ingram	Fr.	DL	6-4	315	Fort Pierce, FL	John Carroll HS	Chowan	2024
36	Reese Harris	Fr.	DB	5-10	175	Ashburn, VA		Chowan	2024
42	Demetric Barnes	Sr.	DL	6-4	255	Stone Mountain, GA	Arabia Mountain HS	Delta St.	2024
35	T.J. Butler	Jr.	DB	5-8	180	Chicago, IL	Dwight D. Eisenhower High School	Delta St.	2024
88	Ty Crowell	Jr.	WR	6-0	205	Columbus, OH	New Hope High School	Delta St.	2024
51	Cooper Gardenhire	Fr.	LB	5-10	205	Farmington, AR	Farmington High School	Delta St.	2024
89	Jaden Gibson	Fr.	WR	6-5	175	Calhoun, LA	Neville High School	Delta St.	2024
58	Austin Collins	Fr.	DE	6-1	220	Memphis, TN	Germantown High School	Delta St.	2024
37	Isaiah Kelsey	Sr.	DB	6-2	NA	Wilmington, DE	Howard Vo-Tech	Delta St.	2024
24	Michael King	Jr.	DB	5-11	190	Memphis, TN	Germantown High School	Delta St.	2024
19	Myles Hopson	Sr.	WR	6-1	185	Madison, MS	Madison Central High School	Delta St.	2024
27	Jonathan James	So.	S	5-9	180	Missouri City, TX	Ridge Point	Delta St.	2024
38	Tre' Shun Johnson	Jr.	LB	6-1	220	Cleveland, MS	Northside High School	Delta St.	2024
31	Marlon Palmer	Jr.	RB	5-9	220	Greenville, MS	Greenville Christian High School	Delta St.	2024
20	Chace Perkins	Jr.	DB	6-1	185	Houston, TX	Westerville High School	Delta St.	2024
97	T.J. Edwards	Fr.	DE	6-1	245	Cordova, TN	Houston High School	Delta St.	2024
16	Garrett Ames	Fr.	QB	6-2	180	Kimberly, AL	Mortimer Jordan High School	Delta St.	2024
80	Timbo Barron	Fr.	TE	6-3	240	Brookwood, AL	Brookwood High School	Delta St.	2024
33	Nick Clark	Fr.	RB	5-7	200	Daphne, AL	Daphne High School	Delta St.	2024
55	Jacob Cox	Sr.	OL	6-3	310	Amory, MS	Amory High School	Delta St.	2024
7	Taylon Doss	Jr.	CB	5-10	186	Shannon, MO	Shannon HS	Delta St.	2024
40	Kaden Dukes	Jr.	DB	6-0	173	Petal, MS	Petal High School	Delta St.	2024
22	Qualon Farrar	Fr.	RB	5-5	191	Dallas, TX	South Oak Cliff HS	Delta St.	2024
94	Jacoby Franklin	Jr.	DL	6-3	275	Belzoni, MS	Humphreys County High School	Delta St.	2024
10	Neno Lemay	Jr.	WR	5-10	180	New Roads, LA	West Feliciana	Delta St.	2024
23	Cameron Threatt	Jr.	DB	6-2	170	Olive Branch, MO	Lewisburg High School	Delta St.	2024
95	Brandon King	Sr.	DL	6-0	290	Ruleville, MO	Cleveland Central HS	Delta St.	2024
12	Jake Lange	Jr.	QB	6-2	194	Jackson, MS	Jackson Prep	Delta St.	2024
9	Curtis Rearden	Jr.	WR	6-2	205	Chicago, IL	DuPont Manual High School	Delta St.	2024
21	Faisal Sokoya	Fr.	DB	6-0	165	Alpharetta, GA	Milton High School	Delta St.	2024
25	JJ Hudson	Sr.	LB	6-5	225	Philadelphia, MS	Philadelphia High School	Delta St.	2024
14	Adam Duncan	Sr.	TE	6-5	231	Ft Worth, TX	Brewer High School	Delta St.	2024
46	Andrew Studer	Jr.	LS	5-9	230	Southaven, MS	DeSoto Central High School	Delta St.	2024
1	Jaylen Green	Sr.	WR	6-0	175	Norcross, GA	Norcross High School	Delta St.	2024
53	Chris Bonner	So.	DL	6-3	230	Selma, AL	Southside High School	Delta St.	2024
29	Nycolis Prudhomme	So.	S	5-8	165	Houston, TX	Benjamin O. Davis Jr. High School	Delta St.	2024
87	Tycen Gray	Sr.	TE	6-3	255	Farmington, MO	Farmington High School	Delta St.	2024
28	Tye Holsey	So.	DB	6-1	195	Mcdonough, GA	Ola High School	Delta St.	2024
73	Aaren Alexander	Jr.	OL	6-3	280	Cordova, TN	Cordova High School	Delta St.	2024
66	Jaelon Brown	Sr.	OL	6-5	340	Montgomery, AL	Park Crossing High School	Delta St.	2024
17	Michael Carley	Sr.	WR	6-5	210	Melbourne, FL	Melbourne Central Catholic High School	Delta St.	2024
47	Wade Cannon	Jr.	LS	6-1	220	Fulton, MS	Itawamba Agricultural High School	Delta St.	2024
11	Jalen May	Sr.	WR	5-10	172	Houston, MS	Houston High School	Delta St.	2024
8	Jordan Jernigan	Sr.	WR	6-2	210	Tupelo, MS	Tupelo High School	Delta St.	2024
85	Alex Rhoades	So.	WR	6-2	175	Milledgeville, GA	Pepperell High School	Delta St.	2024
39	Parker Burleson	Sr.	K	6-0	180	Mathiston, MS	East Webster High School	Delta St.	2024
86	Nick Herber	Sr.	K	5-7	175	Naples, FL	Naples High School	Delta St.	2024
60	Gabe Schweitzer	Sr.	OL	6-4	305	Calera, AL	Calera High School	Delta St.	2024
90	Tylenn Bridges	Sr.	DL	6-1	290	Hollandale, MS	Simmons High School	Delta St.	2024
3	Tamaj Hoffman	So.	RB	5-7	193	Slidell, LA	Slidell High School	Delta St.	2024
71	Gavin Campbell	Sr.	OL	6-5	290	Hernando, MS	DeSoto Central High School	Delta St.	2024
0	Marlon Windham	Sr.	DB	6-1	197	Macon, MS	Noxubee County High School	Delta St.	2024
43	Wyatt Guidry	So.	K	5-10	170	Houma, LA	Terrebonne High School	Delta St.	2024
32	Carter Norrie	Sr.	LB	6-1	223	Lewisville, TX	Hebron High School	Delta St.	2024
18	Cole Kirk	Sr.	QB	6-3	179	Selmer, TN	McNairy Central High School	Delta St.	2024
45	Mario Martin	Sr.	LB	6-1	236	Columbus, MS	Columbus High School	Delta St.	2024
34	Onelio Rios	Jr.	LB	6-0	225	Miami, FL	Mater Academy Charter High School	Delta St.	2024
82	Alphus Shipman	Jr.	WR	6-1	175	Tuscaloosa, AL	Paul W. Bryant High School	Delta St.	2024
6	Carl Hopkins	Jr.	DB	6-2	190	Montgomery, AL	Carver Montgomery High School	Delta St.	2024
54	Ahmir Taylor	Sr.	DL	6-1	240	Starkville, MS	Starkville High School	Delta St.	2024
57	Antoine Washington	So.	DL	6-3	225	Hollandale, MS	Simmons High School	Delta St.	2024
70	Logan Browning	Jr.	OL	6-6	275	Centreville, AL	Bibb County High School	Delta St.	2024
96	Devin Squires	Sr.	DL	6-1	249	Kings Mills, OH	Kings High School	Delta St.	2024
13	Omarion Foster	So.	S	6-2	170	Piedmont, AL	Piedmont High School	Delta St.	2024
4	William Carter	Jr.	DB	6-1	198	Birmingham, AL	Wenoah High School	Delta St.	2024
77	Jacob McCaskill	Jr.	OL	6-5	280	Saint Amant, LA	St. Amant High School	Delta St.	2024
36	William Jenkins	Sr.	LB	6-0	215	Decatur, GA	Cedar Grove High School	Delta St.	2024
72	Jessie Shorts	Sr.	OL	6-5	285	Roxie, MS	Franklin High School	Delta St.	2024
93	Joseph Barton	Sr.	DL	6-1	195	Lena, MS	Leak County High School	Delta St.	2024
81	Carter Coullard	Jr.	TE	6-3	250	Lake Providence, LA	Briarfield Academy	Delta St.	2024
2	Jarius McFarland	Sr.	DB	5-9	165	Hattiesburg, MS	Hattiesburg High School	Delta St.	2024
63	Steven Wakefield	Sr.	OL	6-1	280	Athens, GA	Cedar Shoals High School	Delta St.	2024
30	Joshua Phillips	Sr.	LB	6-3	220	Grenada, MS	Grenada High School	Delta St.	2024
15	Reed Miller	Fr.	QB	6-1	185	Yazoo City, MS	Yazoo County High School	Delta St.	2024
26	Tavian Moore	So.	DB	5-11	195	Huntsville, AL	Buckhorn High School	Delta St.	2024
52	QuDarius Hodges	Sr.	OL	6-3	306	Batesville, MS	South Panola High School	Delta St.	2024
69	Nolan Troyer	Sr.	OL	6-2	290	Riverview, FL	Armwood High School	Delta St.	2024
5	Kelvin Smith	Sr.	RB	5-8	207	Columbus, MS	Heritage Academy	Delta St.	2024
56	Clay Barr	Fr.	LB	6-1	220	Daphne, AL	St. Michael Catholic	Delta St.	2024
75	Connor Jones	So.	OL	6-5	290	Troy, AL	Charles Henderson High School	Delta St.	2024
50	Cade Renfroe	So.	LB	6-1	205	Troy, AL	Pike Liberal Arts School	Delta St.	2024
78	Jackson Davenport	Fr.	OL	6-3	285	Pelham, AL	Pelham High School	Delta St.	2024
74	Aedan Hogan	Fr.	OL	6-4	285	Houston, TX	Kinkaid School	Delta St.	2024
59	De' Meric Strong	Jr.	DL	6-0	245	Clarksdale, MS	Clarksdale High School	Delta St.	2024
65	Kam Wright	So.	OL	6-4	290	Mound Bayou, MS	Northside High School	Delta St.	2024
41	Cannon McClain	Fr.	DB	6-4	170	Hattiesburg, MS	Presbyterian Christian School	Delta St.	2024
49	Colin Southward	Jr.	DB	5-9	180	Tupelo, MS	Tupelo High School	Delta St.	2024
48	Kendall Lee	Fr.	LB	6-0	185	Loganville, GA	Archer High School	Delta St.	2024
73	Garrison Owens	Jr.	OL	6-7	330	Barnwell, SC	Jefferson Davis Academy	Erskine	2024
50	Adam Branchedor	Jr.	DL	6-2	220			Erskine	2024
17	Taylor Rhodes	So.	WR	6-1	190	Saint Augustine, FL	Bartram Trail	Erskine	2024
3	Kyle Winchester	Fr.	DB	5-10	170			Erskine	2024
7	Taz Walker	So.	QB	6-0	175			Erskine	2024
13	Hakeem Holmes	Fr.	WR	6-4	185	Cordele, GA	Crisp County	Erskine	2024
15	Gary Maddox III	Fr.	LB	5-10	205	Commerce, GA	East Jackson Comprehensive	Erskine	2024
15	Marcus Taylor	So.	RB	5-8	180			Erskine	2024
97	Seth Vaughn	Fr.	K	6-0	185			Erskine	2024
99	Derick Simon, Jr.	Fr.	DL	6-3	270			Erskine	2024
6	Cori Davis	Sr.	RB	5-9	195			Erskine	2024
14	Cameron VanGeison	Jr.	DL	6-2	200			Erskine	2024
22	Flen Larkin	Fr.	DB	6-1	170	Newnan, GA	East Coweta	Erskine	2024
85	Demarius Prophet	So.	TE	6-3	220	Chapin, SC	Chapin	Erskine	2024
63	Gage Rinehart	So.	OL	6-1	285	Saluda, SC	Saluda	Erskine	2024
2	Breylon Boyd	Fr.	QB	6-0	205	Spartanburg, SC		Erskine	2024
43	Cali Gober	Fr.	LB	6-0	200	Tucker, GA		Erskine	2024
44	Osten Patterson	Fr.	DL	6-5	250	Miami, FL	Miami Killian Senior	Erskine	2024
45	Quincy Bias	Jr.	DB	6-1	200	Bamberg, SC		Erskine	2024
88	Josiah Burson	Fr.	WR	6-1	205		Laurence Manning Academy	Erskine	2024
89	Garrett Burns	Fr.	WR	6-2	190	Attalla, AL	Sardis	Erskine	2024
78	Jhon Joseph	Sr.	OL	6-4	255	Fort Lauderdale, FL	Advance Prep Academy	Erskine	2024
76	Tysen Chadwick	Fr.	OL	6-5	260	Oviedo, FL	The Master's Academy	Erskine	2024
47	Ja'Shaun Dorsey	Fr.	DB	6-1	170	Kingstree, SC		Erskine	2024
92	Tyranny McGowan	Fr.	DL	5-10	300	Columbus, GA	Columbus	Erskine	2024
77	Justin Moore	Fr.	OL	6-2	380	Tyrone, GA	Sandy Creek	Erskine	2024
96	Voncie Evans	Fr.	DL	6-5	245	Lithia Springs, GA	Lithia Springs	Erskine	2024
10	Noah Eskridge	Fr.	LB	6-1	230	Hueytown, AL		Erskine	2024
42	Dylan Beauford	Sr.	K	5-10	175			Erskine	2024
21	Dylan Locklear	Fr.	DB	5-11	180	Camden, SC	Camden	Erskine	2024
4	Kylan Simmons	Sr.	RB	5-11	225			Erskine	2024
1	Marquell Brown	Sr.	WR	5-7	180	Savannah, GA		Erskine	2024
24	Tyler Grake	So.	DB	5-9	165	Columbia, SC		Erskine	2024
14	Corey Johnston	Jr.	WR	6-2	210	Snellville, GA	South Gwinnett	Erskine	2024
7	Joshua Kamoto	Sr.	LB	6-1	220	Piedmont, SC	Woodmont	Erskine	2024
25	Jamaar Moore	Sr.	DB	6-2	195	Rock Hill, SC	Northwestern	Erskine	2024
19	Johnmond Howard	So.	LB	6-0	215	Conyers, GA	Heritage	Erskine	2024
62	Ni'jah Simpson	Fr.	OL	6-4	305			Erskine	2024
11	Blake Skelton	Jr.	DL	6-3	230			Erskine	2024
9	Rodshaun Dorsey	Fr.	WR	6-5	205	Andrews, SC		Erskine	2024
5	Garrick Schwartz	Jr.	DL	6-1	225			Erskine	2024
11	Craig Pender	Sr.	QB	6-0	205	Barnwell, SC	Barnwell	Erskine	2024
95	Justin Furbush	So.	DL	6-0	260	Atlanta, GA	Westlake	Erskine	2024
52	JaQuez Randolph	Jr.	OL	6-0	260	Brunswick, GA	Glynn Academy	Erskine	2024
12	Ethan Damron	Sr.	QB	6-1	210	Green Sea, SC		Erskine	2024
16	Jalen Samuels	Sr.	RB	5-10	230			Erskine	2024
34	Ephraim Liria	Jr.	DB	5-9	185	Fort Lauderdale, FL	J.P. Taravella	Erskine	2024
55	Hart Cushman	So.	OL	6-1	275	Beaufort, SC		Erskine	2024
32	Jakai Robinson	So.	DB	5-11	195			Erskine	2024
1	Joshua Thomas	Jr.	DB	5-11	190			Erskine	2024
8	Munashe Lancaster	Sr.	LB	6-1	230	Newberry, FL	Newberry	Erskine	2024
70	Max Garrido	Jr.	OL	6-1	280	Summerville, SC	Fort Dorchester	Erskine	2024
65	Colin Sanders	So.	OL	6-2	265			Erskine	2024
17	Myles Mayhorn	Jr.	DB	6-0	175	Snellville, GA	Brookwood	Erskine	2024
16	Ethan Knox	Fr.	DB	6-0	185	Myrtle Beach, SC	Socastee	Erskine	2024
0	Austin Parker	Sr.	QB	5-8	125	Lula, GA	East Hall	Erskine	2024
23	Ernest Williams	So.	LB	6-0	215			Erskine	2024
3	Clay Pender	Fr.	WR	6-1	190	Barnwell, SC	Barnwell	Erskine	2024
18	Wyatt Smith	Jr.	TE	6-6	235			Erskine	2024
20	Mike Pedro	So.	TE	6-2	230	Orlando, FL	Edgewater	Erskine	2024
40	William Suber	Jr.	TE	6-3	235			Erskine	2024
12	Andrew Melton	Jr.	DB	5-10	170	Inman, SC	Chapman	Erskine	2024
27	Peyton Mathis	So.	DL	6-0	210	Lexington, SC	Lexington	Erskine	2024
38	Ant Murphy	Fr.	DB	6-0	185	Piedmont, SC	Powdersville	Erskine	2024
58	Scout Harr	Fr.	OL	6-5	295	Blountstown, FL	Liberty County	Erskine	2024
9	Tre Devaux	So.	DL	6-0	230	Anderson, SC		Erskine	2024
5	Taeshaun Sellers	Fr.	WR	6-1	200			Erskine	2024
10	Trevor Milliken	Fr.	WR	6-0	195	Florence, SC	West Florence	Erskine	2024
26	Makai Parton	Jr.	RB	6-0	205	Pacific, MO	Pacific	Erskine	2024
30	Miller Shouse	So.	DL	6-1	260			Erskine	2024
4	Jeremy Bland	So.	LB	6-0	230	Greenwood, SC		Erskine	2024
79	Noah McMicken	So.	OL	6-4	290	Lakeland, FL	Lakeland Senior	Erskine	2024
8	Khamis Wilson	Fr.	WR	6-3	195			Erskine	2024
6	Hayden Redders	Fr.	DB	6-3	190	Moncks Corner, SC		Erskine	2024
60	Matt Rotkis	So.	OL	6-2	285			Erskine	2024
18	Dalan Thornton	Fr.	DB	5-10	170			Erskine	2024
2	Landon Zeigler	So.	DB	6-1	200			Erskine	2024
33	Rashad Luckey	Sr.	RB	5-11	230	Greenville, SC	St. Joseph's Catholic School	Erskine	2024
29	Kenny Hollinger	Fr.	DB	5-9	160	Decatur, GA	Arabia Mountain	Erskine	2024
39	Quadir Scott	Fr.	DB	6-0	175			Erskine	2024
98	Ethan Miller	Fr.	K	5-11	185	Powdersville, SC	Powdersville	Erskine	2024
28	Dontrell Thompson	So.	DB	6-2	175			Erskine	2024
72	Connor Speller	Fr.	OL	6-3	270			Erskine	2024
80	Aiden Greer	Fr.	WR	6-1	190			Erskine	2024
82	Will Roper	Fr.	TE	6-2	215			Erskine	2024
84	Markis Wells III	Fr.	WR	6-1	165			Erskine	2024
91	Marvin Scott	Fr.	DL	6-4	255			Erskine	2024
86	Malik Shippy	Fr.	WR	6-2	180			Erskine	2024
49	Weston Bergman	Fr.	DB	6-1	190	Canton, GA		Erskine	2024
64	Chris Brown	Fr.	DL	5-10	240	Cumming, GA	South Forsyth	Erskine	2024
51	E'vonta Bannister	Fr.	LB	6-2	225	Manning, SC		Erskine	2024
54	Leon Robinson	Fr.	DL	6-3	245			Erskine	2024
57	Levaun Hall	Fr.	LB	5-8	215	Tampa, FL		Erskine	2024
94	Jared Holmes	Fr.	DL	6-1	295	Columbia, SC	Brookland-Cayce	Erskine	2024
41	Taylor Cline	Fr.	DB	6-1	180	Apopka, FL		Erskine	2024
19	Aidan Canzater	So.	RB	5-8	180	Columbia, SC		Erskine	2024
61	Kevin Cobbs	Fr.	OL	6-1	230	Ridgeville, SC	Ashley Ridge	Erskine	2024
48	Keaton Cooley	Fr.	DB	6-0	175	Summerville, SC		Erskine	2024
71	Trent Curry	Fr.	OL	5-11	230	Eastover, SC	Gray Collegiate Academy	Erskine	2024
87	Kole Elliott	Fr.	WR	6-3	175	Summerton, SC	Clarendon Hall	Erskine	2024
59	Jayden Ferguson	Fr.	OL	6-2	320	Summerville, SC		Erskine	2024
83	Marquies Lattner	Fr.	WR	5-8	185	Macon, GA	Rutland	Erskine	2024
74	Hunter Layne	Fr.	OL	6-2	315	York, SC	York Comprehensive	Erskine	2024
90	Jay Martin	So.	DL	5-11	290	Clinton, SC	Clinton	Erskine	2024
93	Key Moran	Fr.	K	6-0	185	Evans, GA	Greenbrier	Erskine	2024
67	Preston Murphy	Fr.	OL	6-3	315	North Charleston, SC	Fort Dorchester	Erskine	2024
69	Jeremiah Phillips	Fr.	OL	6-3	240	Hinesville, GA	Liberty County	Erskine	2024
66	Andrew Maurice	Fr.	OL	6-4	295	Barnesville, GA	Lamar County	Erskine	2024
75	Colyn Ott	Jr.	OL	6-3	285	Lexington, SC	Lexington	Erskine	2024
31	Dameion Thompson	Jr.	DB	5-11	140			Erskine	2024
35	Antonio Gonzalez-Rodriguez	Fr.	DB	5-10	170	North Charleston, SC		Erskine	2024
53	Myles Robertson	Fr.	LB	5-11	200	Ridgeway, SC	Fairfield Central	Erskine	2024
13	Josiah Gilmore	So.	DB	5-10	165	Columbia, SC		Erskine	2024
37	Richard Harding	So.	LB	-	NA			Erskine	2024
46	Taylor Holloman	Fr.	LB	5-8	195	Atlanta, GA	Druid Hills	Erskine	2024
68	Will Hicks	Fr.	DL	6-3	330	Atlanta, GA	Booker T. Washington	Erskine	2024
7	Cameron Rutledge	So.	DB	-	NA			Mississippi College	2024
1	Stefan Cameron	Jr.	CB	5-11	185	Saint Louis, MO		Mississippi College	2024
2	Jacob Stephens	Sr.	WR	-	NA			Mississippi College	2024
3	JJ Daniels	So.	WR	5-9	170	Lake Cormorant, MS	Lake Cormorant HS	Mississippi College	2024
6	Pete Zamora	Fr.	QB	-	NA			Mississippi College	2024
1	Sirr Trotter	Jr.	WR	-	NA			Mississippi College	2024
6	Chris Butler	Sr.	DB	-	NA			Mississippi College	2024
20	Preston Godfrey	Fr.	RB	-	NA			Mississippi College	2024
23	Jalyn Nickleberry	Jr.	DE	-	NA			Mississippi College	2024
50	Barrett Cain	Fr.	C	-	NA			Mississippi College	2024
71	Rya Shine	Fr.	OL	-	NA			Mississippi College	2024
74	Scott St. Aubin	Jr.	OL	-	NA			Mississippi College	2024
95	Aaron Robinson	Jr.	DL	-	NA			Mississippi College	2024
29	Tyler Thornton	Fr.	DL	-	NA			Mississippi College	2024
33	Andrew Temko	Fr.	LB	-	NA			Mississippi College	2024
75	Kenny Walker	Jr.	OL	-	NA			Mississippi College	2024
57	Mitchell Butler	Fr.	OL	6-4	235	Meridian, MS	Northeast Lauderdale HS	Mississippi College	2024
18	Kaden Cupp	Jr.	WR	-	NA			Mississippi College	2024
91	UNKNOWN Unknown	---		-	NA			Mississippi College	2024
10	Justin Efebera	Sr.	DB	-	NA			Mississippi College	2024
45	MarQuez Grace	Sr.	DL	-	NA			Mississippi College	2024
7	Lamonte James	Jr.	RB	-	NA			Mississippi College	2024
37	Daughtry McGhee	Fr.	DB	-	NA			Mississippi College	2024
13	Desmond Young	Jr.	WR	6-1	205	Bastrop, TX	Bastrop	Mississippi College	2024
16	Jonathan Vaughn	Fr.	DB	5-10	190	Meridian, MS	Meridian HS	Mississippi College	2024
56	Jaquez Tucker	Jr.	DL	-	NA			Mississippi College	2024
51	Labron Baldwin	Fr.	OL	-	NA			Mississippi College	2024
22	Chase Rush	Sr.	LB	-	NA			Mississippi College	2024
9	Tyson Keys	Sr.	TE	-	NA			Mississippi College	2024
12	Eli Anderson	Jr.	QB	-	NA			Mississippi College	2024
15	Braydon Walker	Jr.	WR	-	NA			Mississippi College	2024
41	Clayton Noblitt	Fr.	LS	-	NA			Mississippi College	2024
42	Caleb Garner	So.	LB	6-2	238	Mendenhall, MS	Simpson Academy	Mississippi College	2024
15	Raheem Roberts	Jr.	WR	6-3	195			Mississippi College	2024
19	Jordan Coleman	Jr.	WR	-	NA			Mississippi College	2024
9	Dyllon Bullard	Fr.		-	NA			Mississippi College	2024
90	Andrew Sponsler	Fr.	LS	-	NA			Mississippi College	2024
53	Jaison McKeithan	Sr.	DT	-	NA			Mississippi College	2024
6	Ivan Thomas	Fr.	DT	-	NA			Mississippi College	2024
48	Jason Betz	Sr.	LB	-	NA			Mississippi College	2024
0	Braxton Hall	Sr.	DB	-	NA			Mississippi College	2024
5	Marcus Williams	Sr.	RB	-	NA			Mississippi College	2024
17	Colin Williams	Sr.	DB	-	NA			Mississippi College	2024
4	David Brown IV	Sr.	DB	-	NA			Mississippi College	2024
72	Cole Waters	Jr.	OL	-	NA			Mississippi College	2024
40	Denarius Robinson	Jr.	DE	-	NA			Mississippi College	2024
96	James DiStaso-Hutchins	So.	DE	-	NA			Mississippi College	2024
81	Kris Sides	Sr.	WR	-	NA			Mississippi College	2024
4	Javier Batiste	Sr.	WR	-	NA			Mississippi College	2024
17	Darian Riggs	Jr.	WR	-	NA			Mississippi College	2024
2	Dre'von Hollis	Jr.	DB	-	NA			Mississippi College	2024
26	Darryl Carter	Sr.	S	-	NA			Mississippi College	2024
58	Kolton Price	So.	OL	-	NA			Mississippi College	2024
36	Jordan Lighter	Jr.	DB	-	NA			Mississippi College	2024
14	Thad Bishop	Sr.	LB	-	NA			Mississippi College	2024
35	Eli Dement	Jr.	S	-	NA			Mississippi College	2024
82	Ja'Marcus Stephens	Jr.	DB	-	NA			Mississippi College	2024
41	Brady Weatherly	So.	LB	-	NA			Mississippi College	2024
93	Michael Shine	Jr.	K	-	NA			Mississippi College	2024
10	Orien Thompson	Sr.	WR	-	NA			Mississippi College	2024
39	Cooper Stroud	Jr.	LB	-	NA			Mississippi College	2024
32	Khaden Walker	Jr.	LB	-	NA			Mississippi College	2024
89	Gage Mims	Jr.	TE	-	NA			Mississippi College	2024
38	Willie Latham	Sr.	LB	-	NA			Mississippi College	2024
54	Cannon McCulley	So.	OL	-	NA			Mississippi College	2024
28	Nick Milsap	Sr.	RB	-	NA			Mississippi College	2024
13	Keimond Emilien	Jr.	DB	-	NA			Mississippi College	2024
24	Patrick Gardner	So.	RB	-	NA			Mississippi College	2024
30	Sylvester Walker Jr.	Jr.	DB	-	NA			Mississippi College	2024
70	Austin McKinley	Sr.	OL	-	NA			Mississippi College	2024
44	Brennan Blake	So.	LB	-	NA			Mississippi College	2024
94	D'Corian Nelson	Jr.	DE	-	NA			Mississippi College	2024
76	Wes Williams	So.	OL	-	NA			Mississippi College	2024
47	Jake Milstead	So.	RB	-	NA			Mississippi College	2024
11	Zach Hammann	Sr.	LB	-	NA			Mississippi College	2024
92	Ben Pledger	Jr.	K	-	NA			Mississippi College	2024
20	Andra'e McMillian	Sr.	DB	-	NA			Mississippi College	2024
3	Jaylin Thompson	Sr.	DB	-	NA			Mississippi College	2024
43	Jackson Fortenberry	Sr.	LS	-	NA			Mississippi College	2024
18	Scott Burton	Sr.	DL	-	NA			Mississippi College	2024
52	Frank Bean	Sr.	OL	-	NA			Mississippi College	2024
65	Ivan Thames	Sr.	OL	-	NA			Mississippi College	2024
8	Matt Coleman	So.	QB	-	NA			Mississippi College	2024
98	Bryson Baker	Sr.	DL	-	NA			Mississippi College	2024
46	Nathaniel Jones	Jr.	K	-	NA			Mississippi College	2024
5	Kevin Smith	Sr.	LB	-	NA			Mississippi College	2024
55	Will Baggett	Sr.	OL	-	NA			Mississippi College	2024
0	Ja'Ron Glenn	Jr.	WR	-	NA			Mississippi College	2024
19	Alkeyon Sugars	Fr.	DE	-	NA			Mississippi College	2024
23	Antonio O'Neal	Fr.	CB	-	NA			Mississippi College	2024
27	Brewer Bailey	Fr.	WR	-	NA			Mississippi College	2024
11	Jackson Allen	Jr.	QB	-	NA			Mississippi College	2024
49	Patrick Helms	Jr.	LS	-	NA			Mississippi College	2024
61	Brodie Ben	Fr.	OL	-	NA			Mississippi College	2024
80	Brett Coleman	Fr.	WR	-	NA			Mississippi College	2024
34	Dalton Lee	Jr.	LB	-	NA			Mississippi College	2024
34	Reggie Carter	Fr.	DL	-	NA			Mississippi College	2024
60	Nathan Selph	Fr.	OL	-	NA			Mississippi College	2024
87	Garrett Weathers	Fr.	QB	-	NA			Mississippi College	2024
62	Dat Nguyen	So.	OL	-	NA			Mississippi College	2024
14	Quay Ragsdale	Jr.	DB	-	NA			Mississippi College	2024
49	Xanders Roberts	Jr.	DB	-	NA			Mississippi College	2024
84	Brayden Steele	Fr.	TE	-	NA			Mississippi College	2024
21	Alandez Blaylock	Fr.	LB	-	NA			Mississippi College	2024
97	Price Nixon	Sr.	K	-	NA			Mississippi College	2024
63	Brandon Autery	Fr.	OL	-	NA			Mississippi College	2024
16	Charles Simpson II	Fr.	RB	-	NA			Mississippi College	2024
25	Donavan Coleman	Fr.	DB	-	NA			Mississippi College	2024
28	Decorrian Warren	Fr.	DL	-	NA			Mississippi College	2024
33	Martin Corte	Fr.	RB	-	NA			Mississippi College	2024
42	Paul Desousa	Fr.	K	-	NA			Mississippi College	2024
43	Parker Peacock	Fr.	LB	-	NA			Mississippi College	2024
85	Benjamin Foster	Fr.	WR	-	NA			Mississippi College	2024
8	Javier Simmons	Jr.	DB	-	NA			Mississippi College	2024
0	Darius Lewis	Jr.	WR	5-10	180			North Greenville	2024
4	Warren Coneway	Jr.	DB	5-11	175	Sandersville, GA	Washington County HS	North Greenville	2024
6	Reggion Bennett	So.	RB	5-9	175	Hartsville, SC		North Greenville	2024
6	James Wells	Sr.	LB	6-0	225			North Greenville	2024
8	Treyvion Houston	Sr.	WR	6-1	190			North Greenville	2024
83	Jakel Scott	Jr.	DL	6-0	285			North Greenville	2024
94	Isaac Hawkins	Jr.	DL	5-10	282			North Greenville	2024
15	Jacob Walker	Fr.	WR	5-11	190			North Greenville	2024
20	Semaj Jenkins	Fr.	WR	5-8	150			North Greenville	2024
33	Bennett Matsler	So.	LS	5-10	190			North Greenville	2024
16	Brendan Mansinne	So.	QB	6-0	185			North Greenville	2024
18	Ty Gossett	Sr.	QB	6-0	190			North Greenville	2024
34	Jaquinn Williams	So.	LB	5-11	195			North Greenville	2024
48	Jonah Rollins	Jr.	LS	5-11	210			North Greenville	2024
55	Cadavius Gary	Sr.	OL	6-4	290			North Greenville	2024
2	Aidan Byrd	So.	QB	6-3	180			North Greenville	2024
27	George Wilder	Jr.	DB	6-0	170	Lake City, SC	The Carolina Academy	North Greenville	2024
82	Tyshon Mansell	Fr.	WR	6-0	180			North Greenville	2024
92	Johnerio Holt Jr.	Jr.	DL	6-3	265			North Greenville	2024
3	Yavin Smith	Sr.	WR	5-10	180			North Greenville	2024
19	CJ Barr	Jr.	WR	5-10	175			North Greenville	2024
1	Kendrick Clark	Jr.	DB	6-0	165			North Greenville	2024
23	Jaden Coleman	So.	LB	6-1	180			North Greenville	2024
74	Ethan Lett	So.	OL	6-4	290			North Greenville	2024
90	Ashton Howard	Jr.	LB	6-4	230			North Greenville	2024
36	CJ Anderson	Jr.	LS	6-1	209			North Greenville	2024
14	RJ Glasgow	Jr.	DB	6-0	185			North Greenville	2024
24	Sam Washam	So.	WR	5-10	180			North Greenville	2024
42	Dakoda Willard	Jr.	DL	6-4	250			North Greenville	2024
0	De'Iveon Donald	Sr.	LB	6-0	235			North Greenville	2024
29	Jackson Sims	Jr.	LB	5-10	205			North Greenville	2024
65	John Deal	Jr.	OL	6-0	270			North Greenville	2024
10	Jerrick Foster	Jr.	DB	5-10	165			North Greenville	2024
5	Brady Batson	Sr.	DB	5-8	175			North Greenville	2024
51	Jaxon Giles	Sr.	DL	6-2	250			North Greenville	2024
1	Dre' Williams	Jr.	RB	5-9	195			North Greenville	2024
4	Dylan Ramirez	Jr.	QB	6-2	215			North Greenville	2024
81	Termaine Epps	Sr.	LB	6-4	205			North Greenville	2024
58	Joseph Jordan	So.	OL	6-4	289			North Greenville	2024
11	Dee Brown	Sr.	LB	6-1	208			North Greenville	2024
9	Cameron Walker	Sr.	WR	5-10	165			North Greenville	2024
12	Rylan Ashe	Sr.	LB	6-3	220			North Greenville	2024
8	Rhyan Cheatham	Sr.	DB	6-1	200	Clover, SC	Clover	North Greenville	2024
44	Jaylin Davis	So.	LB	5-11	220			North Greenville	2024
47	Nathanael Thomasson	Jr.	LB	5-11	220			North Greenville	2024
50	T'Kaveon Lanier	So.	OL	6-2	285			North Greenville	2024
91	Jonah Freshley	Jr.	DL	6-1	285			North Greenville	2024
66	Stanley Boatright	Sr.	OL	6-3	262			North Greenville	2024
32	Ethan Jackson	Jr.	LB	5-11	188			North Greenville	2024
9	Gavin Edwards	So.	DB	6-0	180			North Greenville	2024
77	Adam Banasiewicz	So.	OL	6-3	270			North Greenville	2024
5	Ahmari Coats	Jr.	WR	6-2	205			North Greenville	2024
26	Reeves Dacus	Jr.	K	6-0	160			North Greenville	2024
7	Naahziekial Mays	So.	RB	5-8	180			North Greenville	2024
3	Shanye Monsanto	Sr.	DL	6-2	240			North Greenville	2024
28	Tyshone Phelps	Jr.	DB	5-11	174			North Greenville	2024
88	AJ Tolbert	Sr.	TE	6-1	245			North Greenville	2024
7	John Porter III	Sr.	LB	6-0	180			North Greenville	2024
2	EJ Bradford	Sr.	DB	6-0	195			North Greenville	2024
31	Brannon Teamer	Fr.	DB	6-1	190			North Greenville	2024
37	Miles Robinson	Fr.	LB	6-0	215			North Greenville	2024
53	Parker Osborne	Fr.	LB	6-1	215			North Greenville	2024
57	Bryson Jacobs	Fr.	LB	6-0	230			North Greenville	2024
63	Brady Curl	Fr.	OL	6-3	300			North Greenville	2024
69	Coleman Yates	Fr.	LS	6-0	260			North Greenville	2024
84	Dwight Harrington	Fr.	WR	6-3	160			North Greenville	2024
89	Nick Maxey	So.	DL	6-4	210			North Greenville	2024
93	Javon Hobson	Fr.	RB	6-1	230			North Greenville	2024
97	Elliot Secoy	Fr.	K	6-2	175			North Greenville	2024
45	Payton McBroom	Fr.	CB	5-9	165			North Greenville	2024
78	Collin Jacobs	So.	OL	6-7	280			North Greenville	2024
80	Breckan Kirby	Fr.	TE	6-4	220			North Greenville	2024
25	Tyland Lindsay	Jr.	DB	5-9	200			North Greenville	2024
46	Brandon Bowman	So.	K	6-2	200			North Greenville	2024
61	Nicholas Hatten	Fr.	OL	6-1	330			North Greenville	2024
86	Drake Easton	Fr.	WR	5-11	160			North Greenville	2024
95	RJ Morris	Fr.	DL	6-2	280			North Greenville	2024
96	AJ Phillips	Fr.	DE	6-3	240			North Greenville	2024
99	Jacob Brookover	Fr.	K	5-11	180			North Greenville	2024
13	Landon Goodwin	Jr.	WR	5-11	195			North Greenville	2024
35	Ira Mister Jr.	Fr.	RB	5-9	190			North Greenville	2024
21	Jashon Gaines	Fr.	DL	5-10	170			North Greenville	2024
22	Azarian Yates	Fr.	RB	6-0	211			North Greenville	2024
30	Nik Jefferson	Fr.	DB	5-10	163			North Greenville	2024
39	Andrew Bryant	Jr.	LB	6-6	205			North Greenville	2024
40	Tyler Denny	Fr.	K	5-11	190			North Greenville	2024
43	Maximus Pareto	Jr.	RB	5-7	165			North Greenville	2024
54	Michael Goswick	Fr.	LB	6-0	210			North Greenville	2024
56	Phen Johnson	Fr.	OL	6-2	270			North Greenville	2024
38	Brett Batson	Fr.	DB	6-0	175			North Greenville	2024
41	Evan Ratajczak	Jr.	TE	6-2	200			North Greenville	2024
49	Kamden Gurley	So.	TE	6-2	225			North Greenville	2024
52	Jakob Mossberg	Fr.	LB	6-5	230			North Greenville	2024
59	Mauriceo Summers	Fr.	OL	6-1	265			North Greenville	2024
72	Austin Gainey	Fr.	OL	6-4	287			North Greenville	2024
79	Nate McGee	So.	OL	6-2	265			North Greenville	2024
85	Dwayne Simmons	Fr.	TE	6-3	215			North Greenville	2024
17	Tre Dean	Sr.	WR	5-10	150			North Greenville	2024
87	Daniel Owusu-Mensah	Sr.	WR	6-3	180			North Greenville	2024
98	Nate Spearman	So.	K	6-0	185			North Greenville	2024
23	Josh Brown	Jr.	DB	5-11	170	Valdosta, GA	Lowndes HS	Valdosta St.	2024
81	Ma'jon Wright	Sr.	WR	6-2	200	Fort Lauderdale, FL	Cardinal Gibbons HS	Valdosta St.	2024
26	Rico Watkins	So.	DB	6-0	180	Monticello, FL	James Rickards HS	Valdosta St.	2024
75	Jeremiah Mawali	Jr.	OL	6-6	300	West Palm Bch, FL	Chaminade-Madonna HS	Valdosta St.	2024
76	Ryan Frans	Sr.	OL	6-3	300	Blythewood, SC	Blythewood HS	Valdosta St.	2024
12	Sammy Edwards	Sr.	QB	6-2	188	Saint Augustine, FL	Saint Augustine HS	Valdosta St.	2024
30	Braylon Anderson	Jr.	DB	6-1	190	Saraland, AL	Saraland HS	Valdosta St.	2024
41	Jovon Jackson	Sr.	DB	6-2	195	Gainesville, VA	Stonewall Jackson HS	Valdosta St.	2024
44	Blaine Anderson	Jr.	DB	5-11	175	West Palm Beach, FL	St. Thomas Aquinas HS	Valdosta St.	2024
46	Austin McKay	Sr.	K	5-11	173	Aiken, SC	Aiken HS	Valdosta St.	2024
49	Joko Willis	Sr.	LB	6-3	215	Lagrange, GA	Troup County HS	Valdosta St.	2024
50	Tim Brown	Jr.	DL	6-4	265	Palm Bch Gdns, FL	Dwyer HS	Valdosta St.	2024
58	James Robinson	Sr.	OL	6-5	325	Montgomery, AL	Carver HS	Valdosta St.	2024
68	Jonathan Martin	Jr.	DL	6-2	305	Acton, MA	Collins Hill HS	Valdosta St.	2024
73	Will Flowers	Sr.	OL	6-3	283	Lagrange, GA	LaGrange HS	Valdosta St.	2024
74	Ty Brown	Fr.	OL	6-3	315	Thomasville, GA	Thomas County Central HS	Valdosta St.	2024
82	Cole Brown	Jr.	WR	6-3	205	Dallas, GA	East Paulding HS	Valdosta St.	2024
83	Tyler Smith	Sr.	WR	6-1	185	Ellenwood, GA	Salem HS	Valdosta St.	2024
89	Armani Hayes	Sr.	WR	6-2	190	West Palm Bch, FL	Palm Beach Gardens HS	Valdosta St.	2024
52	Daunte Boudy	Sr.	DL	6-3	280	Vail, AZ	Cienega HS	Valdosta St.	2024
25	Ja'Corey Hammett	Jr.	LB	6-2	205	Miami, FL	Northwestern HS	Valdosta St.	2024
34	Ethan Nation	So.	DB	5-10	160	Roswell, GA	Roswell HS	Valdosta St.	2024
78	Fred Norman	Sr.	OL	6-7	342	Rossville, GA	Ridgeland HS	Valdosta St.	2024
24	Bud Chaney	Sr.	RB	5-11	204	Lehigh Acres, FL	Lehigh HS	Valdosta St.	2024
20	Theron Stroops	So.	DB	6-1	195	Lancaster, TX	Lancaster HS	Valdosta St.	2024
60	Victor Cameron	Jr.	OL	6-1	270	Warner Robins, GA	Northside HS	Valdosta St.	2024
99	Alajujuan Sparks	Sr.	DL	6-4	347	Hoover, AL	Hoover HS	Valdosta St.	2024
47	Jaylin Mobley	Sr.	TE	6-4	295	Sanford, FL	Seminole HS	Valdosta St.	2024
71	Steven Mauro	So.	OL	6-5	295	Stormville, NY	John Jay HS	Valdosta St.	2024
4	Jaedon Henry	Sr.	RB	6-0	200	Fort Lauderdale, FL	St. Thomas Aquinas HS	Valdosta St.	2024
5	Joseph McKay	Jr.	RB	5-11	209	Phenix City, AL	Central HS	Valdosta St.	2024
10	Tyler Ajiero	Sr.	WR	5-10	185	Tifton, GA	Tift County HS	Valdosta St.	2024
19	Xyre Wilson	Sr.	WR	6-0	196	Buford, GA	Buford HS	Valdosta St.	2024
57	Wyatt Anderson	Fr.	OL	6-3	295	Newnan, GA	Heritage HS	Valdosta St.	2024
85	Sherard Willis	Jr.	WR	6-0	185	Riverside, CA	Centennial HS	Valdosta St.	2024
92	Mark Robinson	Jr.	DL	6-4	265	Memphis, TN	West Memphis HS	Valdosta St.	2024
42	Noah Botsford	So.	P	6-3	200	Fort Lauderdale, FL	St. Thomas Aquinas HS	Valdosta St.	2024
11	Dav'Juan Dezeme	Jr.	LB	6-3	225	Fort Myers, FL	Lehigh HS	Valdosta St.	2024
54	Emmanuel Cannon	Sr.	DL	6-5	240	Snellville, GA	South Gwinnett HS	Valdosta St.	2024
53	Kenley-Mary Asse	Jr.	OL	6-4	340	Opa Locka, FL	Monsignor Pace HS	Valdosta St.	2024
70	Kentravius Williams	Jr.	OL	6-4	304	Sanford, FL	Seminole HS	Valdosta St.	2024
37	Eric Watts	Sr.	RB	5-11	186	Opelika, AL	Opelika HS	Valdosta St.	2024
14	Seth Smith	So.	QB	6-2	196	Spartanburg, SC	Spartanburg HS	Valdosta St.	2024
84	Samuel Curry	So.	WR	5-10	180	Tallahassee, FL	Lincoln HS	Valdosta St.	2024
33	Sterling Roberts	Jr.	LB	6-1	200	Starke, FL	Bradford HS	Valdosta St.	2024
65	Ty Merkle	Fr.	OL	6-6	232	Valrico, FL	Durant HS	Valdosta St.	2024
32	Jordan Billups	Sr.	DB	5-8	180	Kingsland, GA	Camden County HS	Valdosta St.	2024
72	Riley Frasu	Fr.	OL	6-3	260	Thomasville, GA	Thomas County Central HS	Valdosta St.	2024
2	Blake Hester	Sr.	RB	5-10	185	Ashland, KY	Blazer HS	Valdosta St.	2024
22	Jeremy Smith	Sr.	DB	6-1	182	Savannah, GA	Jenkins HS	Valdosta St.	2024
25	Alfonso Franklin	Sr.	RB	6-0	205	Safety Harbor, FL	Boca Ciega HS	Valdosta St.	2024
29	Jaylon Johnson	Sr.	DB	5-11	180	Olive Branch, MS	Lausanne Collegiate HS	Valdosta St.	2024
31	Caden Campolieti	Sr.	LB	6-1	223	Cleveland, OH	Saint Ignatius HS	Valdosta St.	2024
28	Julius Pascal	Fr.	DB	5-10	184	Miami, FL	Kropp HS	Valdosta St.	2024
35	Dallas Robinson	Jr.	DB	6-2	190	Columbia, SC	Blythewood HS	Valdosta St.	2024
38	Abe Nyang	Jr.	DB	6-0	185	Roswell, GA	Roswell HS	Valdosta St.	2024
6	J'Quan Hicks	Sr.	DL	6-2	265	Jacksonville, FL	Sandalwood HS	Valdosta St.	2024
43	Ethan Eddins	So.	K	6-3	190	Jacksonville, FL	Bishop Kenny HS	Valdosta St.	2024
48	Caleb Dawson	Sr.	LB	6-0	213	Goshen, AL	Goshen HS	Valdosta St.	2024
51	Jalen Mayala	Sr.	LB	6-5	250	Dacula, GA	Archer HS	Valdosta St.	2024
55	Shamar Riley	Sr.	OL	6-6	305	Brooklyn, NY	New Utrecht HS	Valdosta St.	2024
77	Chris Lanney	Jr.	OL	6-8	350	Cleveland, MS	Cleveland Central HS	Valdosta St.	2024
90	Kyle Thomas	Sr.	DL	6-3	295	Chesapeake, VA	Oscar Smith HS	Valdosta St.	2024
94	Ja'Darien Boykin	So.	DL	6-1	250	Gray, GA	Jones County HS	Valdosta St.	2024
96	Jemarrlowe Sykes	Sr.	DL	6-2	270	Detroit, MI	Harper Woods HS	Valdosta St.	2024
97	Greg Hudgins	Jr.	DL	6-4	285	Washington Na, DC	St. John's Prep HS	Valdosta St.	2024
87	Noah Gillan	Sr.	TE	6-3	251	Saint Augustine, FL	Menendez HS	Valdosta St.	2024
98	Joseph Justino	Sr.	P	5-11	190	Middleburg, FL	Middleburg HS	Valdosta St.	2024
9	McCall Bennett	So.	K	5-7	NA	Milton, GA	Cambirdge HS	Valdosta St.	2024
36	Rickey Ransom	So.	DB	5-10	178	Midway, FL	John Paul II HS	Valdosta St.	2024
20	Ashaud Roberson	Jr.	RB	5-7	175	Richmond Hill, GA	Richmond Hill HS	Valdosta St.	2024
21	Jordan Jakes	Sr.	WR	6-6	215	Stockbridge, GA	St. Frances Academy (Md.) HS	Valdosta St.	2024
1	Rodney Bullard	Sr.	WR	6-0	170	Albany, GA	Westover HS	Valdosta St.	2024
91	Jamorey Jones	Sr.	DL	6-1	290	Phenix City, AL	Central HS	Valdosta St.	2024
95	Allan Baugh	So.	DL	6-2	290	Fort Lauderdale, FL	St. Thomas Aquinas HS	Valdosta St.	2024
3	Xavier Williams	Sr.	WR	6-0	180	Hollywood, FL	Chaminade-Madonna Prep HS	Valdosta St.	2024
8	Kennedy Parker	Sr.	LB	6-1	200	Macon, GA	Westside HS	Valdosta St.	2024
9	Larry Elder	Sr.	DB	6-0	200	Richmond, VA	Fork Union Military Academy HS	Valdosta St.	2024
10	Diego Bremer	Sr.	DB	6-2	190	Cleveland Heights, OH	Cleveland Heights HS	Valdosta St.	2024
11	Graeson Malashevich	Sr.	WR	5-9	183	Ceredo, WV	Spring Valley HS	Valdosta St.	2024
12	Rance Conner	So.	DB	5-11	190	Miami, FL	Booker T. Washington HS	Valdosta St.	2024
13	Pate Hogan	So.	QB	5-10	185	Valdosta, GA	Valwood HS	Valdosta St.	2024
16	Armar Gordon	Sr.	QB	6-0	170	Perry, GA	Perry HS	Valdosta St.	2024
39	Reid Brass	Jr.	LS	5-10	185	Newnan, GA	Newnan HS	Valdosta St.	2024
27	Montae Boyd	So.	DB	6-0	170	Snellville, GA	Shiloh HS	Valdosta St.	2024
61	Brayden Rasnek	Fr.	OL	6-5	305	Opp, AL	Opp HS	Valdosta St.	2024
66	Daniel Morales	Sr.	OL	6-4	295	Alpharetta, GA	Milford Academy	Valdosta St.	2024
7	Harrison Hamsley	Jr.	TE	6-3	230	Valdosta, GA	Valwood HS	Valdosta St.	2024
15	Jaylen Pettway	Fr.	QB	6-3	215	Jacksonville, FL	Edward White HS	Valdosta St.	2024
56	Kyjuan Phillips	Jr.	OL	6-4	262	Orlando, FL	Dr. Phillips HS	Valdosta St.	2024
59	Jhebari Matin	Jr.	OL	6-5	315	Jasper, FL	Hamilton County HS	Valdosta St.	2024
79	Connor Gilbert	Fr.	OL	6-6	310	Tallahassee, FL	Lincoln HS	Valdosta St.	2024
80	Andre Hall	Jr.	WR	5-10	170	Gulfport, FL	Boca Ciega HS	Valdosta St.	2024
63	Jacob Miles	Fr.	OL	6-2	270	Newnan, GA	Newnan HS	Valdosta St.	2024
67	Jake Pippin	Fr.	OL	6-2	280	Santa Rosa Beach, FL	South Walton HS	Valdosta St.	2024
69	Alex Jorge	Fr.	OL	6-6	285	Miami, FL	Christopher Columbus HS	Valdosta St.	2024
4	Devontae Causey	Jr.	RB	5-9	170			West Alabama	2024
49	Jaylan Coates	Fr.	LB	6-0	217			West Alabama	2024
6	Jamari Jemison	Fr.	OL	6-1	167			West Alabama	2024
6	Kristopher Binion	Sr.	WR	6-2	170			West Alabama	2024
23	Malik Jones	Sr.	DB	6-2	194			West Alabama	2024
24	Trevon Lambert	Sr.	DL	6-2	215			West Alabama	2024
42	LaMarr Nelson	Fr.	LB	5-8	186			West Alabama	2024
91	Franklin Nou	Sr.	DL	6-2	230			West Alabama	2024
56	Brandon Wallace	Jr.	OL	6-3	276			West Alabama	2024
7	Trevon Stanford	Sr.	LB	6-3	200			West Alabama	2024
8	Silas Thompson	Sr.	WR	6-3	185			West Alabama	2024
55	Jamarvis Turner	Sr.	DL	6-1	285			West Alabama	2024
1	Bry Webb	Sr.	RB	5-11	188			West Alabama	2024
11	Houston Johnson	Jr.	WR	5-6	152			West Alabama	2024
78	Tajesston Storey	Jr.	OL	6-6	267			West Alabama	2024
13	Marcellious Lockett	Sr.	DB	5-7	159			West Alabama	2024
2	Dre Newman	Jr.	DB	5-10	166			West Alabama	2024
62	William Stewart	Jr.	OL	6-0	313			West Alabama	2024
92	Trey Sullivan	Sr.	P	5-8	161			West Alabama	2024
43	Devin Arrington	Jr.	LB	5-11	209			West Alabama	2024
20	Caeleb Bass	Sr.	TE	6-5	220			West Alabama	2024
18	Kevin Butchers	Sr.	K	5-7	160			West Alabama	2024
5	Davonta Jackson	Sr.	DL	6-4	225			West Alabama	2024
3	Khiry Gee	Sr.	DB	5-10	167			West Alabama	2024
76	Mason Watts	So.	OL	-	NA			West Alabama	2024
14	Jackson Abbott	Jr.	QB	6-4	201			West Alabama	2024
82	Justin Ellis	Sr.	TE	6-4	230			West Alabama	2024
31	Robert Ellis	Sr.	TE	6-0	254			West Alabama	2024
0	Lamar Gray	Sr.	DB	6-1	202			West Alabama	2024
94	Cody Sigler	Jr.	DL	6-3	260			West Alabama	2024
98	Travorus Hatcher	Sr.	DL	5-10	300			West Alabama	2024
72	Seth Lawson	So.	OL	-	NA			West Alabama	2024
33	Travon Nunn	So.	LB	-	NA			West Alabama	2024
84	Gaeton Rellah	Jr.	TE	6-4	195			West Alabama	2024
4	Nick Ellis	Sr.	DB	5-10	170			West Alabama	2024
22	Tyler Smith	Sr.	RB	5-9	183			West Alabama	2024
5	Dearrius Nelson	Jr.	WR	6-0	170			West Alabama	2024
27	Antonio Williams	Jr.	DL	6-3	220			West Alabama	2024
26	Michael McGregor	Sr.	LB	6-0	198			West Alabama	2024
95	Elijah Dunn	So.	DL	6-0	276			West Alabama	2024
30	Gavin Brown	So.	RB	6-0	195			West Alabama	2024
50	Javarius Hoskins	Jr.	DL	6-0	259			West Alabama	2024
39	Collen Penton	Sr.	LS	6-1	228			West Alabama	2024
8	Uriah Ratliff	Sr.	DB	5-10	175	Jacksonville, FL	Raines HS	West Alabama	2024
28	Hunter Kilpatrick	Sr.	RB	-	NA			West Alabama	2024
71	Ben Newton	Jr.	OL	6-4	278			West Alabama	2024
3	Brayden Jenkins	So.	RB	5-7	170			West Alabama	2024
9	Spencer Arceneaux	Jr.	QB	6-1	180			West Alabama	2024
77	Bryce Harley	Sr.	OL	6-5	290			West Alabama	2024
12	Ishmael Naylor	Sr.	LB	5-10	220			West Alabama	2024
90	Ayden Gibson	So.	DL	6-2	330			West Alabama	2024
69	Nick Smith	So.	OL	6-4	250			West Alabama	2024
37	Jalen Henderson	Sr.	RB	5-11	198	Hoover, AL		West Alabama	2024
65	Brandon Kirksey	Jr.	OL	6-5	350			West Alabama	2024
52	Darrius Elias	Sr.	DL	6-0	258			West Alabama	2024
11	Devonte Harris	Sr.	DB	6-0	171			West Alabama	2024
21	Aydan Adams	Sr.	DB	5-10	155			West Alabama	2024
25	Delawrence Butler	Sr.	LB	-	NA			West Alabama	2024
53	Owen Vander Wal	Jr.	LS	6-1	245			West Alabama	2024
68	Zach Felton	So.	OL	5-10	269			West Alabama	2024
46	Jermorion Griffin	So.	DL	5-10	214			West Alabama	2024
59	Jalin Herbert	So.	DL	6-2	206			West Alabama	2024
19	Nehemiah Washington	Jr.	DB	6-1	170			West Alabama	2024
17	Landon Ball	Jr.	DB	6-1	180			West Alabama	2024
97	James-David Williams	So.	DL	-	NA			West Alabama	2024
34	Contravious Blanks	Jr.	RB	5-9	180			West Alabama	2024
0	Tyler Walker	Sr.	WR	6-0	190			West Alabama	2024
99	Drew Allbrooks	Sr.	DL	6-1	300			West Alabama	2024
10	TD Parker	Jr.	WR	6-1	170			West Alabama	2024
70	Logan Sampson	Sr.	OL	6-4	323			West Alabama	2024
60	Elijah Guyton	Jr.	K	6-1	175			West Alabama	2024
29	Jaden Taylor	Sr.	DB	5-10	192			West Alabama	2024
87	Briace McBeth	So.	TE	6-4	260			West Alabama	2024
48	Parker Copeland	Fr.	TE	6-0	222			West Alabama	2024
1	Austen Cosby	Jr.	DL	6-3	233			West Alabama	2024
9	Issac Williams	Sr.	DB	6-0	174			West Alabama	2024
75	Allen Jones Jr.	Jr.	OL	6-4	335			West Alabama	2024
36	Lake Gurley	Jr.	LB	6-1	210			West Alabama	2024
74	Raidon Williams	Sr.	OL	6-4	300			West Alabama	2024
88	Dalyn Jackson	Fr.	WR	5-11	199			West Alabama	2024
58	Jamaris Johnson	Fr.	OL	6-1	287			West Alabama	2024
10	Zach Andrews	Jr.	DB	5-9	170	Prairie Point, MS	Noxubee Co.	West Alabama	2024
57	Jamarion Mckinnon	Fr.	DL	6-1	241			West Alabama	2024
81	Griffin McLean	Fr.	TE	6-3	210			West Alabama	2024
35	Issaiah Parrish	Fr.	DB	5-8	143			West Alabama	2024
40	Chuck Richardson	Fr.	TE	6-4	233			West Alabama	2024
89	J'Quon Sturdivant	Jr.	WR	5-6	136			West Alabama	2024
64	Braxton Houston	Fr.	OL	6-1	260			West Alabama	2024
9	Samuel Johnston	Fr.	K	6-2	194			West Alabama	2024
2	Kason Lincke	Sr.	QB	6-1	194			West Alabama	2024
86	David McNeil	Fr.	WR	5-8	171			West Alabama	2024
18	Kevin Montgomery	Fr.	DB	5-9	153			West Alabama	2024
73	Torris Robinson	Jr.	OL	6-5	342			West Alabama	2024
14	Fletcher Taylor	Fr.	DB	5-9	156			West Alabama	2024
15	Tadarius Wright	Fr.	DB	5-11	188			West Alabama	2024
16	Danarius Yearling	Fr.	DB	5-11	163			West Alabama	2024
38	J'Dyn Arrington	So.	DB	5-10	175			West Alabama	2024
44	Dedric Hicks	Jr.	LB	5-10	226			West Alabama	2024
7	Jaylen Bibbs	Fr.	WR	5-7	164			West Alabama	2024
17	Alexander Bradford	Fr.	QB	6-1	170			West Alabama	2024
93	Jerrell Brasher	Fr.	DL	6-1	294			West Alabama	2024
7	Brendon Byrd	Fr.	QB	5-11	198			West Alabama	2024
67	Mason Hiller	Fr.	OL	6-4	310			West Alabama	2024
41	JT Hooten	Fr.	LB	6-0	227			West Alabama	2024
2	Titus Waldrop	Fr.	WR	6-3	198			West Alabama	2024
16	Mason Holcomb	Fr.	QB	5-11	192			West Alabama	2024
51	Kendall Johnson	Fr.	DL	5-11	262			West Alabama	2024
96	Jayson Dixon	Fr.	DL	6-2	222			West Alabama	2024
47	Tyler Hamby	Fr.	LB	5-8	196			West Alabama	2024
85	Devin Harvey	Fr.	WR	6-2	195			West Alabama	2024
83	Colby Collums	So.	WR	5-9	160			West Alabama	2024
32	Tyree Durgin	Fr.	DB	6-0	155			West Alabama	2024
15	Brayden Hubner	Fr.	QB	6-0	171			West Alabama	2024
5	Eddie Whipple	Jr.	LB	-	NA			West Florida	2024
7	Tony Bartalo	Jr.	QB	6-2	214	Tampa, FL	Gaither HS	West Florida	2024
77	Ben Freeman	Sr.	OL	-	NA			West Florida	2024
18	Javon Swinton	Jr.	WR	6-2	165	Stafford, VA	North Stafford	West Florida	2024
0	Finau Fine	Jr.	DE	6-5	270	Kissimmee, FL	Gateway	West Florida	2024
9	Tyree Holloway	So.	WR	-	NA			West Florida	2024
12	Tyrence Crutcher	Jr.	WR	-	NA			West Florida	2024
0	Jay Sharp	Jr.	RB	5-9	170			West Florida	2024
12	Rashaan Palmer	Sr.	WR	-	NA			West Florida	2024
3	Traevon Mitchell	Jr.	DL	6-0	265			West Florida	2024
40	Lorenzo Payne	Fr.	DL	-	NA			West Florida	2024
41	Jaden Hood	So.	DL	-	NA			West Florida	2024
50	Issiah Walker	So.	OL	-	NA			West Florida	2024
51	Levi Gould	Jr.	OL	-	NA			West Florida	2024
27	Tyler Patterson	Fr.	P	6-2	210	Fort Pierce, FL	Fort Pierce Central	West Florida	2024
13	Michael Gary	Sr.	DE	6-0	241	Fort Myers, FL	Cape Coral HS	West Florida	2024
15	Aidan Swett	Sr.	DL	-	NA			West Florida	2024
19	Raymond Cottrell	Fr.	WR	6-3	210	Milton, FL	Milton	West Florida	2024
75	Levi Johnson	Jr.	OL	-	NA			West Florida	2024
32	Kyriee Lewis	Jr.	DL	-	NA			West Florida	2024
1	Jamontez Woods	Sr.	RB	6-0	205			West Florida	2024
11	Da'Mani Brown	Sr.	WR	-	NA			West Florida	2024
9	Kam Canterbury	So.	DB	5-10	185	Saint Petersburg, FL	Pinellas Park	West Florida	2024
59	Riyon Adams	Sr.	OL	-	NA			West Florida	2024
19	Adam Aiken	So.	DL	6-3	230			West Florida	2024
99	Traquan McNair	Sr.	DL	-	NA			West Florida	2024
66	Emanuel Rushing	Jr.	OL	-	NA			West Florida	2024
61	Nick Cox	So.	OL	-	NA			West Florida	2024
41	Cade Lombardo	Fr.	K	-	NA			West Florida	2024
22	Chester Fearon	Jr.	DB	-	NA			West Florida	2024
18	Eric Folau	Sr.	LB	-	NA			West Florida	2024
13	Jackson Blalock	So.	TE	-	NA			West Florida	2024
6	Jakobe Quillen	Sr.	WR	-	NA			West Florida	2024
16	Logan Gregory	Jr.	P	-	NA			West Florida	2024
21	Robert Riley	So.	LB	-	NA			West Florida	2024
78	Colton Beesley	Jr.	OL	-	NA			West Florida	2024
68	Matthew McQueen	Fr.	OL	-	NA			West Florida	2024
4	Walker Robinson	Jr.	LB	-	NA			West Florida	2024
85	Patrick Delcour	Fr.	WR	-	NA			West Florida	2024
30	Devin Wright	So.	LB	-	NA			West Florida	2024
8	TJ Lane	Fr.	RB	-	NA			West Florida	2024
5	Zac Offord	Sr.	WR	-	NA			West Florida	2024
20	Jamari Dickens	Fr.	WR	-	NA			West Florida	2024
4	Michael Rich, Jr.	Jr.	QB	6-4	210			West Florida	2024
17	Jaylen Fortune	Jr.	RB	-	NA			West Florida	2024
6	McGrew Fortune	Sr.	LB	-	NA			West Florida	2024
71	Matt Adcock	Sr.	OL	-	NA			West Florida	2024
36	Joshua Doan	Fr.	DB	-	NA			West Florida	2024
7	Kode Lowe	So.	LB	-	NA			West Florida	2024
92	Kenneth Martin	Sr.	DT	-	NA			West Florida	2024
35	Will Breland	Jr.	LB	-	NA			West Florida	2024
8	Collin Shaw	Jr.	DL	-	NA			West Florida	2024
11	Byron Puryear	Sr.	DL	-	NA			West Florida	2024
70	Nash Nelson	Sr.	OL	-	NA			West Florida	2024
18	TJ Wilson	So.	QB	-	NA			West Florida	2024
2	Marcus Stokes	So.	QB	6-2	195			West Florida	2024
32	Troy Coughlin	Fr.	RB	-	NA			West Florida	2024
25	Ernest Flythe	Fr.	DB	-	NA			West Florida	2024
28	Zach Johnson	So.	DB	-	NA			West Florida	2024
83	Justin Taylor	Sr.	WR	-	NA			West Florida	2024
31	AJ Eason	Fr.	LB	-	NA			West Florida	2024
3	Ja'Corey Scott	So.	WR	6-1	170			West Florida	2024
80	Jake Robinette	So.	TE	-	NA			West Florida	2024
64	Kingston Grady	Sr.	OL	-	NA			West Florida	2024
23	Don Volante	Jr.	LS	-	NA			West Florida	2024
52	Kaleb Williams	So.	DL	-	NA			West Florida	2024
95	James Kitt	Sr.	DL	-	NA			West Florida	2024
24	Anthony Ballard	Jr.	LB	-	NA			West Florida	2024
55	Keilon Hayes	Fr.	OL	-	NA			West Florida	2024
1	Elijah Williams	Sr.	DB	6-4	180			West Florida	2024
27	Virgil Lemons	Sr.	DB	-	NA			West Florida	2024
10	Donovan Barnes	So.	DB	-	NA			West Florida	2024
37	Kam Fuller	So.	DB	-	NA			West Florida	2024
14	Ralph Ortiz	So.	LB	-	NA			West Florida	2024
34	Norman Gadsden	Fr.	DB	-	NA			West Florida	2024
88	Luis Chafino	So.	WR	-	NA			West Florida	2024
54	Justice Williams	Jr.	DL	-	NA			West Florida	2024
29	Mi'Chaun Coward	Sr.	LB	-	NA			West Florida	2024
49	Channing Clabaugh	Fr.	TE	-	NA			West Florida	2024
47	Hunter Wood	Fr.	TE	-	NA			West Florida	2024
58	Owen Draves	Fr.	OL	-	NA			West Florida	2024
72	Jayiah Gardner	Fr.	OL	-	NA			West Florida	2024
97	Thomas Weinhardt	Fr.	DL	-	NA			West Florida	2024
23	Tyrell Marshall	Fr.	DB	-	NA			West Florida	2024
87	Nathan Wright	So.	TE	-	NA			West Florida	2024
94	Lavarius McCollough	Fr.	DL	-	NA			West Florida	2024
76	Ryan Hunt	Fr.	OL	6-1	280	Milton, FL	Milton	West Florida	2024
81	Veontai Williams	Fr.	WR	-	NA			West Florida	2024
86	Myles Simmons	Fr.	WR	-	NA			West Florida	2024
91	Antwuan Hampton	Fr.	DL	-	NA			West Florida	2024
2	Tony Newsome	So.	DB	6-0	170			West Florida	2024
84	Trevon Kemmerlin	Fr.	WR	-	NA			West Florida	2024
46	George Shannon	Fr.	LS	-	NA			West Florida	2024
60	Weston Gruttadauria	Fr.	OL	-	NA			West Florida	2024
57	Parsa Pordeli	Sr.	K	-	NA			West Florida	2024
56	Shane Elam	Fr.	OL	-	NA			West Florida	2024
89	Anthony Vaglienti	Fr.	WR	-	NA			West Florida	2024
10	Jabari Murphy	Fr.	WR	-	NA			West Florida	2024
43	Aaron Reabe	Fr.	DL	-	NA			West Florida	2024
44	Carson Ratliff	Fr.	LB	-	NA			West Florida	2024
48	Jeremiah Dean	Fr.	LB	-	NA			West Florida	2024
53	Jonah Mitchell	So.	LS	-	NA			West Florida	2024
57	Nico Kelly	Fr.	DL	-	NA			West Florida	2024
82	Cash Turner	Fr.	WR	-	NA			West Florida	2024
84	Blake Durham	So.	WR	-	NA			West Florida	2024
98	Kevin Roberts	Fr.	DL	-	NA			West Florida	2024
38	Brian Hooks	Fr.	DB	-	NA			West Florida	2024
42	Davon Jackson	Fr.	RB	-	NA			West Florida	2024
42	Allen Sieni	So.	DB	-	NA			West Florida	2024
14	Mikaiah Stephenson	Jr.	WR	-	NA			West Florida	2024
15	Ty'Ray Davis	Fr.	QB	-	NA			West Florida	2024
16	John Nicholas	Fr.	QB	-	NA			West Florida	2024
17	Ja'Kobe Clinton	Jr.	LB	-	NA			West Florida	2024
65	Jonathan Thames	Fr.	OL	-	NA			West Florida	2024
25	Keeshaun Glanton	Fr.	RB	-	NA			West Florida	2024
26	Ryan Cunningham	Jr.	DB	-	NA			West Florida	2024
39	Carsyn Cobb	Fr.	RB	-	NA			West Florida	2024
33	Cameron Anderson	Fr.	LB	-	NA			West Florida	2024
73	Jordan Capraro	Fr.	OL	-	NA			West Florida	2024
67	Arthur Challenor	So.	OL	-	NA			West Florida	2024
79	Caden Anderson	Fr.	OL	-	NA			West Florida	2024
